Workbook
Name Comments: '[1]DISPATCH SHEET'!#REF!
Name LateComment: '[1]DISPATCH SHEET'!#REF!
Name LateComments: #REF!

Sheet Inputs
A1: Day of the Week | E1: Attendance Sheet 1st Shift | H1: Monday | J1: Monday | K1: 1 | L1: Total Available | M1: =COUNTIF(G3:G52, "x") + COUNTIF(P3:P52, "x") -> 0
A2: Shift | E2: Name | F2: Shift | G2: Present | H2: Tuesday | J2: Tuesday | K2: 2
A3: Total Cases | E3: Alex G. | F3: 1 | H3: Wednesday | J3: Wednesday
A4: Hours Remaining | B4: 9.5 | E4: Andrew Bartell | F4: 2 | H4: Thursday
A5: Cases to Pick | B5: =IF(B2="1st", IF(B1="Sunday",B3*0.2, IF(B1="Monday",B3*0.18, IF(B1="Tuesday",B3*0.18, IF(B1="Wednesday",B3*0.19, IF(B1="Thursday",B3*0.19, IF(B1="Friday",B3*0.18, IF(B1="Saturday",B3*0.21,0))))))), IF(B2="2nd", IF(B1="Sunday",B3*0.19, IF(B1="Monday",B3*0.15, IF(B1="Tuesday",B3*0.15, IF(B1="Wednesday",B3*0.17, IF(B1="Thursday",B3*0.17, IF(B1="Friday",B3*0.17, IF(B1="Saturday",B3*0.19,0))))))), 0)) -> 0 | E5: Anthony L | F5: 1 | H5: Friday | J5: Thursday
A6: Full Pallets | B6: =IF(AND(B1="Sunday",B2="1st"),B3*0.28, IF(AND(B1="Monday",B2="1st"),B3*0.32, IF(AND(B1="Tuesday",B2="1st"),B3*0.4, IF(AND(B1="Wednesday",B2="1st"),B3*0.35, IF(AND(B1="Thursday",B2="1st"),B3*0.35, IF(AND(B1="Friday",B2="1st"),B3*0.36, IF(AND(B1="Saturday",B2="1st"),B3*0.31, IF(AND(B1="Sunday",B2="2nd"),B3*0.32, IF(AND(B1="Monday",B2="2nd"),B3*0.33, IF(AND(B1="Tuesday",B2="2nd"),B3*0.27, IF(AND(B1="Wednesday",B2="2nd"),B3*0.29, IF(AND(B1="Thursday",B2="2nd"),B3*0.28, IF(AND(B1="Friday",B2="2nd"),B3*0.3, IF(AND(B1="Saturday",B2="2nd"),B3*0.3,0))))))))))))))/70 -> 0 | E6: Anthony T | F6: 1 | H6: Saturday | J6: Friday
A7: Total Outbound Loads | B7: =(B3/70) / 25 *0.52 -> 0 | E7: Antonio D. | F7: 1 | H7: Sunday | J7: Saturday
A8: Crossroads Running | E8: Ariel | F8: 1 | J8: Sunday
A9: Deer Creek Running | E9: Ashton Sudduth | F9: 2
A10: MSB Running | E10: Billy Anderson | F10: 2
E11: Bressa Gonzaga | F11: 2
E12: Brett W. | F12: 1
A13: Info*** | E13: Brian B. | F13: 1
A14: 1st Shift = 9.5h | E14: Brian Manis | F14: 2
A15: 2nd Shift = 11h | E15: Bryce Andrews | F15: 2
E16: Carlos | F16: 1
E17: Charles Myers | F17: 2
E18: Chaz Lacey | F18: 2
E19: Chris Dodds | F19: 2
E20: Cristopher R. | F20: 1
E21: Dale Ferguson | F21: 1
E22: Dale Hrenchir | F22: 1
E23: Daniel V. | F23: 1
E24: Danny Trotter | F24: 2
E25: Daryl M | F25: 1
E26: Dashawn B. | F26: 1
E27: David Norwood | F27: 2
... E98: Will Perkins. | F98: 1

Sheet Crew Sheet
A1: Name | B1: Shift | C1: Present | D1: Recommended Task | E1: Today's Task | F1: Yes | H1: Total Pickers: | I1: =I12 -> 0 | J1: Monday | M1: 1st | T1: Unloading | W1: Picking
A2: Alex G. | B2: 1 | C2: =Inputs!G3 -> 0 | E2: =Table200[[#This Row],[Recommended Task]] -> 0 | F2: No | H2: Total Taskers: | I2: =COUNTIF(E2:E48,"*Tasking*")+COUNTIF(E2:E48,"*Replenishment*")+COUNTIF(E2:E48,"*Putaways*")+COUNTIF(E2:E48,"* Full Pallet*") -> 0 | J2: Tuesday | M2: 2nd | T2: Loading | W2: Replenishment
A3: Andrew Bartell | B3: 2 | C3: =Inputs!G4 -> 0 | D3: =IF($C3<>"x","",IFERROR(_xlfn.XLOOKUP($A3,'Staffing Sheet 2nd Shift'!$A:$A,'Staffing Sheet 2nd Shift'!$I:$I,""),"")) | E3: =Table200[[#This Row],[Recommended Task]] | H3: Total Receivers: | I3: =I10 -> 0 | T3: Receiving | W3: Full Pallets
A4: Anthony L | B4: 1 | C4: =Inputs!G5 -> 0 | H4: Total Unloaders: | I4: =I9 -> 0 | J4: Wednesday | T4: Picking | W4: Receiving
A5: Anthony T | B5: 1 | C5: =Inputs!G6 -> 0 | D5: =IF($C5<>"x","",IFERROR(_xlfn.XLOOKUP($A5,'Staffing sheet 1ST Shift'!$A:$A,'Staffing sheet 1ST Shift'!$I:$I,""),"")) | E5: =Table200[[#This Row],[Recommended Task]] | H5: Total Loaders: | I5: =I15 -> 0 | J5: Thursday | T5: Full Pallet Puller | W5: Putaways
A6: Antonio D. | B6: 1 | C6: =Inputs!G7 -> 0 | D6: =IF($C6<>"x","",IFERROR(_xlfn.XLOOKUP($A6,'Staffing sheet 1ST Shift'!$A:$A,'Staffing sheet 1ST Shift'!$I:$I,""),"")) | E6: =Table200[[#This Row],[Recommended Task]] | J6: Friday | T6: Replenishment | W6: Unloading
A7: Ariel | B7: 1 | C7: =Inputs!G8 -> 0 | D7: =IF($C7<>"x","",IFERROR(_xlfn.XLOOKUP($A7,'Staffing sheet 1ST Shift'!$A:$A,'Staffing sheet 1ST Shift'!$I:$I,""),"")) | E7: =Table200[[#This Row],[Recommended Task]] | J7: Saturday | W7: Loading
A8: Ashton Sudduth | B8: 2 | C8: =Inputs!G9 -> 0 | D8: =IF($C8<>"x","",IFERROR(_xlfn.XLOOKUP($A8,'Staffing Sheet 2nd Shift'!$A:$A,'Staffing Sheet 2nd Shift'!$I:$I,""),"")) | E8: =Table200[[#This Row],[Recommended Task]] | H8: Task | I8: Available Staff | J8: Column1 | K8: Inbound/Outbound | L8: Needed | N8: Workers Gap | O8: Hours Gap | P8: Status | Q8: Expected Volume | R8: Expected Completed Cases | S8: Completion % | T8: Priority | U8: Recommendation | W8: Extra
A9: Billy Anderson | B9: 2 | C9: =Inputs!G10 -> 0 | D9: =IF($C9<>"x","",IFERROR(_xlfn.XLOOKUP($A9,'Staffing Sheet 2nd Shift'!$A:$A,'Staffing Sheet 2nd Shift'!$I:$I,""),"")) | E9: =Table200[[#This Row],[Recommended Task]] | H9: Unloaders | I9: =COUNTIF(E1:E48, "Unloading") -> 0 | K9: Inbound | L9: =2 -> 2 | N9: =Table2[[#This Row],[Available Staff ]]-Table2[[#This Row],[Needed ]] -> -2 | O9: =Table5[[#This Row],[Workers Gap]]*I3 -> 0 | P9: =IF(N9<0,"Understaffed",IF(N9=0,"Good","Overstaffed")) -> Understaffed | Q9: =ROUNDUP(Q11/2,0) -> 0 | R9: =44*'Crew Sheet'!I3*Table2[[#This Row],[Available Staff ]] -> 0 | S9: =Table4[[#This Row],[Expected Completed Cases]]/Table4[[#This Row],[Expected Volume]] -> #DIV/0! | T9: =IF($H9="Picking","PROTECT - PICKING BOTTLENECK",IF($P9="Understaffed","URGENT - ADD STAFF",IF(AND($P9="Overstaffed",$S9>=100%),"AVAILABLE TO MOVE",IF(AND($P9="Overstaffed",$S9<100%),"HIGH - DO NOT PULL","OK")))) -> URGENT - ADD STAFF | U9: =IF(N9<0,"Need "&ROUND(ABS(N9),1)&" more workers / "&ROUND(ABS(O9),1)&" labor hrs",IF(N9>0,"Can move "&ROUND(N9,1)&" workers / "&ROUND(O9,1)&" labor hrs","Balanced Staffing")) -> Need 2 more workers / 0 labor hrs
A10: Bressa Gonzaga | B10: 2 | C10: =Inputs!G11 -> 0 | D10: =IF($C10<>"x","",IFERROR(_xlfn.XLOOKUP($A10,'Staffing Sheet 2nd Shift'!$A:$A,'Staffing Sheet 2nd Shift'!$I:$I,""),"")) | E10: =Table200[[#This Row],[Recommended Task]] | H10: Receivers | I10: =COUNTIF(E2:E48, "Receiving") -> 0 | K10: Inbound | L10: 2 | N10: =Table2[[#This Row],[Available Staff ]]-Table2[[#This Row],[Needed ]] -> -2 | O10: =Table5[[#This Row],[Workers Gap]]*$I$3 -> 0 | P10: =IF(N10<0,"Understaffed",IF(N10=0,"Good","Overstaffed")) -> Understaffed | Q10: =ROUNDUP(Q11/2,0) -> 0 | R10: =44*I3*Table2[[#This Row],[Available Staff ]] -> 0 | S10: =Table4[[#This Row],[Expected Completed Cases]]/Table4[[#This Row],[Expected Volume]] -> #DIV/0! | T10: =IF($H10="Picking","PROTECT - PICKING BOTTLENECK",IF($P10="Understaffed","URGENT - ADD STAFF",IF(AND($P10="Overstaffed",$S10>=100%),"AVAILABLE TO MOVE",IF(AND($P10="Overstaffed",$S10<100%),"HIGH - DO NOT PULL","OK")))) -> URGENT - ADD STAFF | U10: =IF(N10<0,"Need "&ROUND(ABS(N10),1)&" more workers / "&ROUND(ABS(O10),1)&" labor hrs",IF(N10>0,"Can move "&ROUND(N10,1)&" workers / "&ROUND(O10,1)&" labor hrs","Balanced Staffing")) -> Need 2 more workers / 0 labor hrs
A11: Brett W. | B11: 1 | C11: =Inputs!G12 -> 0 | D11: =IF($C11<>"x","",IFERROR(_xlfn.XLOOKUP($A11,'Staffing sheet 1ST Shift'!$A:$A,'Staffing sheet 1ST Shift'!$I:$I,""),"")) | E11: =Table200[[#This Row],[Recommended Task]] | H11: Putaway | I11: =COUNTIF(E2:E48, "Putaways") -> 0 | K11: Inbound | L11: =('Staffing Forecast'!AB13/2)/(25*Inputs!B4) -> 0 | N11: =Table2[[#This Row],[Available Staff ]]-Table2[[#This Row],[Needed ]] -> 0 | O11: =Table5[[#This Row],[Workers Gap]]*$I$3 -> 0 | P11: =IF(N11<0,"Understaffed",IF(N11=0,"Good","Overstaffed")) -> Good | Q11: =IF(I2="1st",'Staffing Forecast'!AB13*0.52, 'Staffing Forecast'!AB13*0.48) -> 0 | R11: =25*I3*Table2[[#This Row],[Available Staff ]] -> 0 | S11: =Table4[[#This Row],[Expected Completed Cases]]/Table4[[#This Row],[Expected Volume]] -> #DIV/0! | T11: =IF($H11="Picking","PROTECT - PICKING BOTTLENECK",IF($P11="Understaffed","URGENT - ADD STAFF",IF(AND($P11="Overstaffed",$S11>=100%),"AVAILABLE TO MOVE",IF(AND($P11="Overstaffed",$S11<100%),"HIGH - DO NOT PULL","OK")))) -> #DIV/0! | U11: =IF(N11<0,"Need "&ROUND(ABS(N11),1)&" more workers / "&ROUND(ABS(O11),1)&" labor hrs",IF(N11>0,"Can move "&ROUND(N11,1)&" workers / "&ROUND(O11,1)&" labor hrs","Balanced Staffing")) -> Balanced Staffing
A12: Brian B. | B12: 1 | C12: =Inputs!G13 -> 0 | D12: =IF($C12<>"x","",IFERROR(_xlfn.XLOOKUP($A12,'Staffing sheet 1ST Shift'!$A:$A,'Staffing sheet 1ST Shift'!$I:$I,""),"")) | E12: =Table200[[#This Row],[Recommended Task]] | H12: Picking | I12: =COUNTIF(E2:E51, "Picking") -> 0 | K12: Outbound | L12: =(Inputs!B5/(185*Inputs!B4)) -> 0 | N12: =Table2[[#This Row],[Available Staff ]]-Table2[[#This Row],[Needed ]] -> 0 | O12: =Table5[[#This Row],[Workers Gap]]*$I$3 -> 0 | P12: =IF(N12<0,"Understaffed",IF(N12=0,"Good","Overstaffed")) -> Good | Q12: =I5 -> 0 | R12: =185*'Crew Sheet'!I3*Table2[[#This Row],[Available Staff ]] -> 0 | S12: =Table4[[#This Row],[Expected Completed Cases]]/Table4[[#This Row],[Expected Volume]] -> #DIV/0! | T12: =IF($H12="Picking","PROTECT - PICKING BOTTLENECK",IF($P12="Understaffed","URGENT - ADD STAFF",IF(AND($P12="Overstaffed",$S12>=100%),"AVAILABLE TO MOVE",IF(AND($P12="Overstaffed",$S12<100%),"HIGH - DO NOT PULL","OK")))) -> #DIV/0! | U12: =IF(N12<0,"Need "&ROUND(ABS(N12),1)&" more workers / "&ROUND(ABS(O12),1)&" labor hrs",IF(N12>0,"Can move "&ROUND(N12,1)&" workers / "&ROUND(O12,1)&" labor hrs","Balanced Staffing")) -> Balanced Staffing
A13: Brian Manis | B13: 2 | C13: =Inputs!G14 -> 0 | D13: =IF($C13<>"x","",IFERROR(_xlfn.XLOOKUP($A13,'Staffing Sheet 2nd Shift'!$A:$A,'Staffing Sheet 2nd Shift'!$I:$I,""),"")) | E13: =Table200[[#This Row],[Recommended Task]] | H13: Replenishment | I13: =COUNTIF(E2:E52, "Replenishment") -> 0 | K13: Outbound | L13: =(Inputs!B5/70)/(25*8.5) -> 0 | N13: =Table2[[#This Row],[Available Staff ]]-Table2[[#This Row],[Needed ]] -> 0 | O13: =Table5[[#This Row],[Workers Gap]]*$I$3 -> 0 | P13: =IF(N13<0,"Understaffed",IF(N13=0,"Good","Overstaffed")) -> Good | Q13: =I5/70 -> 0 | R13: =25*I3*Table2[[#This Row],[Available Staff ]] -> 0 | S13: =Table4[[#This Row],[Expected Completed Cases]]/Table4[[#This Row],[Expected Volume]] -> #DIV/0! | T13: =IF($H13="Picking","PROTECT - PICKING BOTTLENECK",IF($P13="Understaffed","URGENT - ADD STAFF",IF(AND($P13="Overstaffed",$S13>=100%),"AVAILABLE TO MOVE",IF(AND($P13="Overstaffed",$S13<100%),"HIGH - DO NOT PULL","OK")))) -> #DIV/0! | U13: =IF(N13<0,"Need "&ROUND(ABS(N13),1)&" more workers / "&ROUND(ABS(O13),1)&" labor hrs",IF(N13>0,"Can move "&ROUND(N13,1)&" workers / "&ROUND(O13,1)&" labor hrs","Balanced Staffing")) -> Balanced Staffing
A14: Bryce Andrews | B14: 2 | C14: =Inputs!G15 -> 0 | D14: =IF($C14<>"x","",IFERROR(_xlfn.XLOOKUP($A14,'Staffing Sheet 2nd Shift'!$A:$A,'Staffing Sheet 2nd Shift'!$I:$I,""),"")) | E14: =Table200[[#This Row],[Recommended Task]] | H14: Full Pallet Pullers | I14: =COUNTIF(E2:E53, "Full Pallets") -> 0 | K14: Outbound | L14: =(Inputs!B6/(25*Inputs!B4)) -> 0 | N14: =Table2[[#This Row],[Available Staff ]]-Table2[[#This Row],[Needed ]] -> 0 | O14: =Table5[[#This Row],[Workers Gap]]*$I$3 -> 0 | P14: =IF(N14<0,"Understaffed",IF(N14=0,"Good","Overstaffed")) -> Good | Q14: =I6 -> 0 | R14: =25*I3*Table2[[#This Row],[Available Staff ]] -> 0 | S14: =Table4[[#This Row],[Expected Completed Cases]]/Table4[[#This Row],[Expected Volume]] -> #DIV/0! | T14: =IF($H14="Picking","PROTECT - PICKING BOTTLENECK",IF($P14="Understaffed","URGENT - ADD STAFF",IF(AND($P14="Overstaffed",$S14>=100%),"AVAILABLE TO MOVE",IF(AND($P14="Overstaffed",$S14<100%),"HIGH - DO NOT PULL","OK")))) -> #DIV/0! | U14: =IF(N14<0,"Need "&ROUND(ABS(N14),1)&" more workers / "&ROUND(ABS(O14),1)&" labor hrs",IF(N14>0,"Can move "&ROUND(N14,1)&" workers / "&ROUND(O14,1)&" labor hrs","Balanced Staffing")) -> Balanced Staffing
A15: Carlos | B15: 1 | C15: =Inputs!G16 -> 0 | D15: =IF($C15<>"x","",IFERROR(_xlfn.XLOOKUP($A15,'Staffing sheet 1ST Shift'!$A:$A,'Staffing sheet 1ST Shift'!$I:$I,""),"")) | E15: =Table200[[#This Row],[Recommended Task]] | H15: Loaders | I15: =COUNTIF(E2:E54, "Loading") -> 0 | K15: Outbound | L15: ='Staffing Forecast'!P13 -> 0 | N15: =Table2[[#This Row],[Available Staff ]]-Table2[[#This Row],[Needed ]] -> 0 | O15: =Table5[[#This Row],[Workers Gap]]*$I$3 -> 0 | P15: =IF(N15<0,"Understaffed",IF(N15=0,"Good","Overstaffed")) -> Good | Q15: =V4 -> 0 | R15: =1*I3*Table2[[#This Row],[Available Staff ]] -> 0 | S15: =Table4[[#This Row],[Expected Completed Cases]]/Table4[[#This Row],[Expected Volume]] -> #DIV/0! | T15: =IF($H15="Picking","PROTECT - PICKING BOTTLENECK",IF($P15="Understaffed","URGENT - ADD STAFF",IF(AND($P15="Overstaffed",$S15>=100%),"AVAILABLE TO MOVE",IF(AND($P15="Overstaffed",$S15<100%),"HIGH - DO NOT PULL","OK")))) -> #DIV/0! | U15: =IF(N15<0,"Need "&ROUND(ABS(N15),1)&" more workers / "&ROUND(ABS(O15),1)&" labor hrs",IF(N15>0,"Can move "&ROUND(N15,1)&" workers / "&ROUND(O15,1)&" labor hrs","Balanced Staffing")) -> Balanced Staffing
A16: Charles Myers | B16: 2 | C16: =Inputs!G17 -> 0 | D16: =IF($C16<>"x","",IFERROR(_xlfn.XLOOKUP($A16,'Staffing Sheet 2nd Shift'!$A:$A,'Staffing Sheet 2nd Shift'!$I:$I,""),"")) | E16: =Table200[[#This Row],[Recommended Task]] | H16: Total | I16: =SUM(I9:I15) -> 0 | L16: =ROUND(SUM(L9:L15),0) -> 4 | N16: =SUM(N9:N15) -> -4 | O16: =SUM(O9:O15) -> 0
A17: Chaz Lacey | B17: 2 | C17: =Inputs!G18 -> 0 | D17: =IF($C17<>"x","",IFERROR(_xlfn.XLOOKUP($A17,'Staffing Sheet 2nd Shift'!$A:$A,'Staffing Sheet 2nd Shift'!$I:$I,""),"")) | E17: =Table200[[#This Row],[Recommended Task]] | K17: =IF(L16>I16,"UnderStaffed",IF(L16=I16,"Good","Overstaffed")) -> UnderStaffed
A18: Chris Dodds | B18: 2 | C18: =Inputs!G19 -> 0 | D18: =IF($C18<>"x","",IFERROR(_xlfn.XLOOKUP($A18,'Staffing Sheet 2nd Shift'!$A:$A,'Staffing Sheet 2nd Shift'!$I:$I,""),"")) | E18: =Table200[[#This Row],[Recommended Task]]
A19: Cristopher R. | B19: 1 | C19: =Inputs!G20 -> 0 | D19: =IF($C19<>"x","",IFERROR(_xlfn.XLOOKUP($A19,'Staffing sheet 1ST Shift'!$A:$A,'Staffing sheet 1ST Shift'!$I:$I,""),"")) | E19: =Table200[[#This Row],[Recommended Task]]
A20: Dale Ferguson | B20: 1 | C20: =Inputs!G21 -> 0 | E20: =Table200[[#This Row],[Recommended Task]] -> 0
A21: Dale Hrenchir | B21: 1 | C21: =Inputs!G22 -> 0 | D21: =IF($C21<>"x","",IFERROR(_xlfn.XLOOKUP($A21,'Staffing sheet 1ST Shift'!$A:$A,'Staffing sheet 1ST Shift'!$I:$I,""),"")) | E21: =Table200[[#This Row],[Recommended Task]]
A22: Daniel V. | B22: 1 | C22: =Inputs!G23 -> 0 | D22: =IF($C22<>"x","",IFERROR(_xlfn.XLOOKUP($A22,'Staffing sheet 1ST Shift'!$A:$A,'Staffing sheet 1ST Shift'!$I:$I,""),"")) | E22: =Table200[[#This Row],[Recommended Task]]
A23: Danny Trotter | B23: 2 | C23: =Inputs!G24 -> 0 | D23: =IF($C23<>"x","",IFERROR(_xlfn.XLOOKUP($A23,'Staffing Sheet 2nd Shift'!$A:$A,'Staffing Sheet 2nd Shift'!$I:$I,""),"")) | E23: =Table200[[#This Row],[Recommended Task]] | H23: Staff Allocation Summary
A24: Daryl M | B24: 1 | C24: =Inputs!G25 -> 0 | D24: =IF($C24<>"x","",IFERROR(_xlfn.XLOOKUP($A24,'Staffing sheet 1ST Shift'!$A:$A,'Staffing sheet 1ST Shift'!$I:$I,""),"")) | E24: =Table200[[#This Row],[Recommended Task]] | H24: Priority | I24: Task | K24: Status | L24: Worker Gap | N24: Hours Gap | O24: Action
A25: Dashawn B. | B25: 1 | C25: =Inputs!G26 -> 0 | D25: =IF($C25<>"x","",IFERROR(_xlfn.XLOOKUP($A25,'Staffing sheet 1ST Shift'!$A:$A,'Staffing sheet 1ST Shift'!$I:$I,""),"")) | E25: =Table200[[#This Row],[Recommended Task]] | H25: =IF(L25<0,RANK(N25,$N$25:$N$31,1),"") -> 1 | I25: Unloaders | K25: =_xlfn.XLOOKUP(I25,$H$9:$H$15,$P$9:$P$15,"") -> Understaffed | L25: =_xlfn.XLOOKUP(I25,$H$9:$H$15,$N$9:$N$15,"") -> -2 | N25: =_xlfn.XLOOKUP(I25,$H$9:$H$15,$O$9:$O$15,"") -> 0 | O25: =IF(N9<0,"Need "&ROUND(ABS(N9),1)&" more workers / "&ROUND(ABS(O9),1)&" labor hrs",IF(N9>0,"Can move "&ROUND(N9,1)&" workers / "&ROUND(O9,1)&" labor hrs","Balanced Staffing")) -> Need 2 more workers / 0 labor hrs
A26: David Norwood | B26: 2 | C26: =Inputs!G27 -> 0 | D26: =IF($C26<>"x","",IFERROR(_xlfn.XLOOKUP($A26,'Staffing Sheet 2nd Shift'!$A:$A,'Staffing Sheet 2nd Shift'!$I:$I,""),"")) | E26: =Table200[[#This Row],[Recommended Task]] | H26: =IF(L26<0,RANK(N26,$N$25:$N$31,1),"") -> 1 | I26: Receivers | K26: =_xlfn.XLOOKUP(I26,$H$9:$H$15,$P$9:$P$15,"") -> Understaffed | L26: =_xlfn.XLOOKUP(I26,$H$9:$H$15,$N$9:$N$15,"") -> -2 | N26: =_xlfn.XLOOKUP(I26,$H$9:$H$15,$O$9:$O$15,"") -> 0 | O26: =IF(N10<0,"Need "&ROUND(ABS(N10),1)&" more workers / "&ROUND(ABS(O10),1)&" labor hrs",IF(N10>0,"Can move "&ROUND(N10,1)&" workers / "&ROUND(O10,1)&" labor hrs","Balanced Staffing")) -> Need 2 more workers / 0 labor hrs
A27: Diamond Williams | B27: 2 | C27: =Inputs!G28 -> 0 | D27: =IF($C27<>"x","",IFERROR(_xlfn.XLOOKUP($A27,'Staffing Sheet 2nd Shift'!$A:$A,'Staffing Sheet 2nd Shift'!$I:$I,""),"")) | E27: =Table200[[#This Row],[Recommended Task]] | H27: =IF(L27<0,RANK(N27,$N$25:$N$31,1),"") | I27: Putaway | K27: =_xlfn.XLOOKUP(I27,$H$9:$H$15,$P$9:$P$15,"") -> Good | L27: =_xlfn.XLOOKUP(I27,$H$9:$H$15,$N$9:$N$15,"") -> 0 | N27: =_xlfn.XLOOKUP(I27,$H$9:$H$15,$O$9:$O$15,"") -> 0 | O27: =IF(N11<0,"Need "&ROUND(ABS(N11),1)&" more workers / "&ROUND(ABS(O11),1)&" labor hrs",IF(N11>0,"Can move "&ROUND(N11,1)&" workers / "&ROUND(O11,1)&" labor hrs","Balanced Staffing")) -> Balanced Staffing
A28: Don Michael | B28: 2 | C28: =Inputs!G29 -> 0 | D28: =IF($C28<>"x","",IFERROR(_xlfn.XLOOKUP($A28,'Staffing Sheet 2nd Shift'!$A:$A,'Staffing Sheet 2nd Shift'!$I:$I,""),"")) | E28: =Table200[[#This Row],[Recommended Task]] | H28: =IF(L28<0,RANK(N28,$N$25:$N$31,1),"") | I28: Picking | K28: =P12 -> Good | L28: =N12 -> 0 | N28: =O12 -> 0 | O28: =IF(N12<0,"Need "&ROUND(ABS(N12),1)&" more workers / "&ROUND(ABS(O12),1)&" labor hrs",IF(N12>0,"Can move "&ROUND(N12,1)&" workers / "&ROUND(O12,1)&" labor hrs","Balanced Staffing")) -> Balanced Staffing
A29: Douglas W. | B29: 1 | C29: =Inputs!G30 -> 0 | D29: =IF($C29<>"x","",IFERROR(_xlfn.XLOOKUP($A29,'Staffing sheet 1ST Shift'!$A:$A,'Staffing sheet 1ST Shift'!$I:$I,""),"")) | E29: =Table200[[#This Row],[Recommended Task]] | H29: =IF(L29<0,RANK(N29,$N$25:$N$31,1),"") | I29: Replenishment | K29: =_xlfn.XLOOKUP(I29,$H$9:$H$15,$P$9:$P$15,"") -> Good | L29: =_xlfn.XLOOKUP(I29,$H$9:$H$15,$N$9:$N$15,"") -> 0 | N29: =_xlfn.XLOOKUP(I29,$H$9:$H$15,$O$9:$O$15,"") -> 0 | O29: =IF(N13<0,"Need "&ROUND(ABS(N13),1)&" more workers / "&ROUND(ABS(O13),1)&" labor hrs",IF(N13>0,"Can move "&ROUND(N13,1)&" workers / "&ROUND(O13,1)&" labor hrs","Balanced Staffing")) -> Balanced Staffing
A30: Dwayne A. | B30: 1 | C30: =Inputs!G31 -> 0 | D30: =IF($C30<>"x","",IFERROR(_xlfn.XLOOKUP($A30,'Staffing sheet 1ST Shift'!$A:$A,'Staffing sheet 1ST Shift'!$I:$I,""),"")) | E30: =Table200[[#This Row],[Recommended Task]] | H30: =IF(L30<0,RANK(N30,$N$25:$N$31,1),"") | I30: Full Pallet Pullers | K30: =_xlfn.XLOOKUP(I30,$H$9:$H$15,$P$9:$P$15,"") -> Good | L30: =_xlfn.XLOOKUP(I30,$H$9:$H$15,$N$9:$N$15,"") -> 0 | N30: =_xlfn.XLOOKUP(I30,$H$9:$H$15,$O$9:$O$15,"") -> 0 | O30: =IF(N14<0,"Need "&ROUND(ABS(N14),1)&" more workers / "&ROUND(ABS(O14),1)&" labor hrs",IF(N14>0,"Can move "&ROUND(N14,1)&" workers / "&ROUND(O14,1)&" labor hrs","Balanced Staffing")) -> Balanced Staffing
A31: Dylan | B31: 1 | C31: =Inputs!G32 -> 0 | D31: =IF($C31<>"x","",IFERROR(_xlfn.XLOOKUP($A31,'Staffing sheet 1ST Shift'!$A:$A,'Staffing sheet 1ST Shift'!$I:$I,""),"")) | E31: =Table200[[#This Row],[Recommended Task]] | H31: =IF(L31<0,RANK(N31,$N$25:$N$31,1),"") | I31: Loaders | K31: =_xlfn.XLOOKUP(I31,$H$9:$H$15,$P$9:$P$15,"") -> Good | L31: =_xlfn.XLOOKUP(I31,$H$9:$H$15,$N$9:$N$15,"") -> 0 | N31: =_xlfn.XLOOKUP(I31,$H$9:$H$15,$O$9:$O$15,"") -> 0 | O31: =IF(N15<0,"Need "&ROUND(ABS(N15),1)&" more workers / "&ROUND(ABS(O15),1)&" labor hrs",IF(N15>0,"Can move "&ROUND(N15,1)&" workers / "&ROUND(O15,1)&" labor hrs","Balanced Staffing")) -> Balanced Staffing
A32: Earnest Carter | B32: 2 | C32: =Inputs!G33 -> 0 | D32: =IF($C32<>"x","",IFERROR(_xlfn.XLOOKUP($A32,'Staffing Sheet 2nd Shift'!$A:$A,'Staffing Sheet 2nd Shift'!$I:$I,""),"")) | E32: =Table200[[#This Row],[Recommended Task]]
A33: Eugene Emery | B33: 2 | C33: =Inputs!G34 -> 0 | D33: =IF($C33<>"x","",IFERROR(_xlfn.XLOOKUP($A33,'Staffing Sheet 2nd Shift'!$A:$A,'Staffing Sheet 2nd Shift'!$I:$I,""),"")) | E33: =Table200[[#This Row],[Recommended Task]]
A34: Everardo G. | B34: 1 | C34: =Inputs!G35 -> 0 | D34: =IF($C34<>"x","",IFERROR(_xlfn.XLOOKUP($A34,'Staffing sheet 1ST Shift'!$A:$A,'Staffing sheet 1ST Shift'!$I:$I,""),"")) | E34: =Table200[[#This Row],[Recommended Task]]
A35: Felipe P. | B35: 1 | C35: =Inputs!G36 -> 0 | D35: =IF($C35<>"x","",IFERROR(_xlfn.XLOOKUP($A35,'Staffing sheet 1ST Shift'!$A:$A,'Staffing sheet 1ST Shift'!$I:$I,""),"")) | E35: =Table200[[#This Row],[Recommended Task]]
A36: Francisco N. | B36: 1 | C36: =Inputs!G37 -> 0 | D36: =IF($C36<>"x","",IFERROR(_xlfn.XLOOKUP($A36,'Staffing sheet 1ST Shift'!$A:$A,'Staffing sheet 1ST Shift'!$I:$I,""),"")) | E36: =Table200[[#This Row],[Recommended Task]]
A37: Gary Lake | B37: 2 | C37: =Inputs!G38 -> 0 | D37: =IF($C37<>"x","",IFERROR(_xlfn.XLOOKUP($A37,'Staffing Sheet 2nd Shift'!$A:$A,'Staffing Sheet 2nd Shift'!$I:$I,""),"")) | E37: =Table200[[#This Row],[Recommended Task]]
A38: Goliath Haagan | B38: 2 | C38: =Inputs!G39 -> 0 | D38: =IF($C38<>"x","",IFERROR(_xlfn.XLOOKUP($A38,'Staffing Sheet 2nd Shift'!$A:$A,'Staffing Sheet 2nd Shift'!$I:$I,""),"")) | E38: =Table200[[#This Row],[Recommended Task]]
A39: Henry | B39: 1 | C39: =Inputs!G40 -> 0 | D39: =IF($C39<>"x","",IFERROR(_xlfn.XLOOKUP($A39,'Staffing sheet 1ST Shift'!$A:$A,'Staffing sheet 1ST Shift'!$I:$I,""),"")) | E39: =Table200[[#This Row],[Recommended Task]]
A40: Isaiah Kilmete | B40: 2 | C40: =Inputs!G41 -> 0 | D40: =IF($C40<>"x","",IFERROR(_xlfn.XLOOKUP($A40,'Staffing Sheet 2nd Shift'!$A:$A,'Staffing Sheet 2nd Shift'!$I:$I,""),"")) | E40: =Table200[[#This Row],[Recommended Task]]
A41: Isiah S. | B41: 1 | C41: =Inputs!G42 -> 0 | D41: =IF($C41<>"x","",IFERROR(_xlfn.XLOOKUP($A41,'Staffing sheet 1ST Shift'!$A:$A,'Staffing sheet 1ST Shift'!$I:$I,""),"")) | E41: =Table200[[#This Row],[Recommended Task]]
A42: James M. | B42: 1 | C42: =Inputs!G43 -> 0 | D42: =IF($C42<>"x","",IFERROR(_xlfn.XLOOKUP($A42,'Staffing sheet 1ST Shift'!$A:$A,'Staffing sheet 1ST Shift'!$I:$I,""),"")) | E42: =Table200[[#This Row],[Recommended Task]]
A43: James U. | B43: 1 | C43: =Inputs!G44 -> 0 | D43: =IF($C43<>"x","",IFERROR(_xlfn.XLOOKUP($A43,'Staffing sheet 1ST Shift'!$A:$A,'Staffing sheet 1ST Shift'!$I:$I,""),"")) | E43: =Table200[[#This Row],[Recommended Task]]
A44: Jarrad Reid | B44: 2 | C44: =Inputs!G45 -> 0 | D44: =IF($C44<>"x","",IFERROR(_xlfn.XLOOKUP($A44,'Staffing Sheet 2nd Shift'!$A:$A,'Staffing Sheet 2nd Shift'!$I:$I,""),"")) | E44: =Table200[[#This Row],[Recommended Task]]
A45: Jasiah Goar | B45: 2 | C45: =Inputs!G46 -> 0 | D45: =IF($C45<>"x","",IFERROR(_xlfn.XLOOKUP($A45,'Staffing Sheet 2nd Shift'!$A:$A,'Staffing Sheet 2nd Shift'!$I:$I,""),"")) | E45: =Table200[[#This Row],[Recommended Task]]
A46: Javier Ceballos | B46: 2 | C46: =Inputs!G47 -> 0 | D46: =IF($C46<>"x","",IFERROR(_xlfn.XLOOKUP($A46,'Staffing Sheet 2nd Shift'!$A:$A,'Staffing Sheet 2nd Shift'!$I:$I,""),"")) | E46: =Table200[[#This Row],[Recommended Task]]
A47: Javon Phillips | B47: 2 | C47: =Inputs!G48 -> 0 | D47: =IF($C47<>"x","",IFERROR(_xlfn.XLOOKUP($A47,'Staffing Sheet 2nd Shift'!$A:$A,'Staffing Sheet 2nd Shift'!$I:$I,""),"")) | E47: =Table200[[#This Row],[Recommended Task]]
A48: Jay W. (Tony) | B48: 1 | C48: =Inputs!G49 -> 0 | D48: =IF($C48<>"x","",IFERROR(_xlfn.XLOOKUP($A48,'Staffing sheet 1ST Shift'!$A:$A,'Staffing sheet 1ST Shift'!$I:$I,""),"")) | E48: =Table200[[#This Row],[Recommended Task]]
A49: Jaylin Garrett | B49: 2 | C49: =Inputs!G50 -> 0 | D49: =IF($C49<>"x","",IFERROR(_xlfn.XLOOKUP($A49,'Staffing Sheet 2nd Shift'!$A:$A,'Staffing Sheet 2nd Shift'!$I:$I,""),"")) | E49: =Table200[[#This Row],[Recommended Task]]
A50: Jeffrey Lowe | B50: 2 | C50: =Inputs!G51 -> 0 | D50: =IF($C50<>"x","",IFERROR(_xlfn.XLOOKUP($A50,'Staffing Sheet 2nd Shift'!$A:$A,'Staffing Sheet 2nd Shift'!$I:$I,""),"")) | E50: =Table200[[#This Row],[Recommended Task]]
A51: Jeffrey Stone | B51: 2 | C51: =Inputs!G52 -> 0 | D51: =IF($C51<>"x","",IFERROR(_xlfn.XLOOKUP($A51,'Staffing Sheet 2nd Shift'!$A:$A,'Staffing Sheet 2nd Shift'!$I:$I,""),"")) | E51: =Table200[[#This Row],[Recommended Task]]
A52: Jeremiah A. | B52: 1 | C52: =Inputs!G53 -> 0 | D52: =IF($C52<>"x","",IFERROR(_xlfn.XLOOKUP($A52,'Staffing sheet 1ST Shift'!$A:$A,'Staffing sheet 1ST Shift'!$I:$I,""),"")) | E52: =Table200[[#This Row],[Recommended Task]]
A53: JeVeaghn P. | B53: 1 | C53: =Inputs!G54 -> 0 | D53: =IF($C53<>"x","",IFERROR(_xlfn.XLOOKUP($A53,'Staffing sheet 1ST Shift'!$A:$A,'Staffing sheet 1ST Shift'!$I:$I,""),"")) | E53: =Table200[[#This Row],[Recommended Task]]
A54: Jim Herman | B54: 2 | C54: =Inputs!G55 -> 0 | D54: =IF($C54<>"x","",IFERROR(_xlfn.XLOOKUP($A54,'Staffing Sheet 2nd Shift'!$A:$A,'Staffing Sheet 2nd Shift'!$I:$I,""),"")) | E54: =Table200[[#This Row],[Recommended Task]]
A55: Jimmy Stewart | B55: 2 | C55: =Inputs!G56 -> 0 | D55: =IF($C55<>"x","",IFERROR(_xlfn.XLOOKUP($A55,'Staffing Sheet 2nd Shift'!$A:$A,'Staffing Sheet 2nd Shift'!$I:$I,""),"")) | E55: =Table200[[#This Row],[Recommended Task]]
A56: Joe M. | B56: 1 | C56: =Inputs!G57 -> 0 | D56: =IF($C56<>"x","",IFERROR(_xlfn.XLOOKUP($A56,'Staffing sheet 1ST Shift'!$A:$A,'Staffing sheet 1ST Shift'!$I:$I,""),"")) | E56: =Table200[[#This Row],[Recommended Task]]
A57: Jose G. | B57: 1 | C57: =Inputs!G58 -> 0 | D57: =IF($C57<>"x","",IFERROR(_xlfn.XLOOKUP($A57,'Staffing sheet 1ST Shift'!$A:$A,'Staffing sheet 1ST Shift'!$I:$I,""),"")) | E57: =Table200[[#This Row],[Recommended Task]]
A58: Jose R. | B58: 1 | C58: =Inputs!G59 -> 0 | D58: =IF($C58<>"x","",IFERROR(_xlfn.XLOOKUP($A58,'Staffing sheet 1ST Shift'!$A:$A,'Staffing sheet 1ST Shift'!$I:$I,""),"")) | E58: =Table200[[#This Row],[Recommended Task]]
A59: Jose Rangel-Cazares | B59: 2 | C59: =Inputs!G60 -> 0 | D59: =IF($C59<>"x","",IFERROR(_xlfn.XLOOKUP($A59,'Staffing Sheet 2nd Shift'!$A:$A,'Staffing Sheet 2nd Shift'!$I:$I,""),"")) | E59: =Table200[[#This Row],[Recommended Task]]
A60: Justin Pucek | B60: 2 | C60: =Inputs!G61 -> 0 | D60: =IF($C60<>"x","",IFERROR(_xlfn.XLOOKUP($A60,'Staffing Sheet 2nd Shift'!$A:$A,'Staffing Sheet 2nd Shift'!$I:$I,""),"")) | E60: =Table200[[#This Row],[Recommended Task]]
A61: Louis Heath | B61: 2 | C61: =Inputs!G62 -> 0 | D61: =IF($C61<>"x","",IFERROR(_xlfn.XLOOKUP($A61,'Staffing Sheet 2nd Shift'!$A:$A,'Staffing Sheet 2nd Shift'!$I:$I,""),"")) | E61: =Table200[[#This Row],[Recommended Task]]
A62: Marcus J. | B62: 1 | C62: =Inputs!G63 -> 0 | D62: =IF($C62<>"x","",IFERROR(_xlfn.XLOOKUP($A62,'Staffing sheet 1ST Shift'!$A:$A,'Staffing sheet 1ST Shift'!$I:$I,""),"")) | E62: =Table200[[#This Row],[Recommended Task]]
A63: Matthew Tennison | B63: 2 | C63: =Inputs!G64 -> 0 | D63: =IF($C63<>"x","",IFERROR(_xlfn.XLOOKUP($A63,'Staffing Sheet 2nd Shift'!$A:$A,'Staffing Sheet 2nd Shift'!$I:$I,""),"")) | E63: =Table200[[#This Row],[Recommended Task]]
A64: Micahel Baum | B64: 2 | C64: =Inputs!G65 -> 0 | D64: =IF($C64<>"x","",IFERROR(_xlfn.XLOOKUP($A64,'Staffing Sheet 2nd Shift'!$A:$A,'Staffing Sheet 2nd Shift'!$I:$I,""),"")) | E64: =Table200[[#This Row],[Recommended Task]]
A65: Michael O. | B65: 1 | C65: =Inputs!G66 -> 0 | D65: =IF($C65<>"x","",IFERROR(_xlfn.XLOOKUP($A65,'Staffing sheet 1ST Shift'!$A:$A,'Staffing sheet 1ST Shift'!$I:$I,""),"")) | E65: =Table200[[#This Row],[Recommended Task]]
A66: Mike Jenkins | B66: 2 | C66: =Inputs!G67 -> 0 | D66: =IF($C66<>"x","",IFERROR(_xlfn.XLOOKUP($A66,'Staffing Sheet 2nd Shift'!$A:$A,'Staffing Sheet 2nd Shift'!$I:$I,""),"")) | E66: =Table200[[#This Row],[Recommended Task]]
A67: MJ Soliz | B67: 2 | C67: =Inputs!G68 -> 0 | D67: =IF($C67<>"x","",IFERROR(_xlfn.XLOOKUP($A67,'Staffing Sheet 2nd Shift'!$A:$A,'Staffing Sheet 2nd Shift'!$I:$I,""),"")) | E67: =Table200[[#This Row],[Recommended Task]]
A68: Nelson Rivera | B68: 2 | C68: =Inputs!G69 -> 0 | D68: =IF($C68<>"x","",IFERROR(_xlfn.XLOOKUP($A68,'Staffing Sheet 2nd Shift'!$A:$A,'Staffing Sheet 2nd Shift'!$I:$I,""),"")) | E68: =Table200[[#This Row],[Recommended Task]]
A69: Nick R. | B69: 1 | C69: =Inputs!G70 -> 0 | D69: =IF($C69<>"x","",IFERROR(_xlfn.XLOOKUP($A69,'Staffing sheet 1ST Shift'!$A:$A,'Staffing sheet 1ST Shift'!$I:$I,""),"")) | E69: =Table200[[#This Row],[Recommended Task]]
A70: Oscar A | B70: 1 | C70: =Inputs!G71 -> 0 | D70: =IF($C70<>"x","",IFERROR(_xlfn.XLOOKUP($A70,'Staffing sheet 1ST Shift'!$A:$A,'Staffing sheet 1ST Shift'!$I:$I,""),"")) | E70: =Table200[[#This Row],[Recommended Task]]
A71: Oscar B. | B71: 1 | C71: =Inputs!G72 -> 0 | D71: =IF($C71<>"x","",IFERROR(_xlfn.XLOOKUP($A71,'Staffing sheet 1ST Shift'!$A:$A,'Staffing sheet 1ST Shift'!$I:$I,""),"")) | E71: =Table200[[#This Row],[Recommended Task]]
A72: Oscar Lopez | B72: 1 | C72: =Inputs!G73 -> 0 | D72: =IF($C72<>"x","",IFERROR(_xlfn.XLOOKUP($A72,'Staffing sheet 1ST Shift'!$A:$A,'Staffing sheet 1ST Shift'!$I:$I,""),"")) | E72: =Table200[[#This Row],[Recommended Task]]
A73: Pablo H. | B73: 1 | C73: =Inputs!G74 -> 0 | D73: =IF($C73<>"x","",IFERROR(_xlfn.XLOOKUP($A73,'Staffing sheet 1ST Shift'!$A:$A,'Staffing sheet 1ST Shift'!$I:$I,""),"")) | E73: =Table200[[#This Row],[Recommended Task]]
A74: Paul Jr | B74: 1 | C74: =Inputs!G75 -> 0 | D74: =IF($C74<>"x","",IFERROR(_xlfn.XLOOKUP($A74,'Staffing sheet 1ST Shift'!$A:$A,'Staffing sheet 1ST Shift'!$I:$I,""),"")) | E74: =Table200[[#This Row],[Recommended Task]]
A75: Ray P. | B75: 1 | C75: =Inputs!G76 -> 0 | D75: =IF($C75<>"x","",IFERROR(_xlfn.XLOOKUP($A75,'Staffing sheet 1ST Shift'!$A:$A,'Staffing sheet 1ST Shift'!$I:$I,""),"")) | E75: =Table200[[#This Row],[Recommended Task]]
A76: Reggie | B76: 1 | C76: =Inputs!G77 -> 0 | D76: =IF($C76<>"x","",IFERROR(_xlfn.XLOOKUP($A76,'Staffing sheet 1ST Shift'!$A:$A,'Staffing sheet 1ST Shift'!$I:$I,""),"")) | E76: =Table200[[#This Row],[Recommended Task]]
A77: Robert Dingle | B77: 2 | C77: =Inputs!G78 -> 0 | D77: =IF($C77<>"x","",IFERROR(_xlfn.XLOOKUP($A77,'Staffing Sheet 2nd Shift'!$A:$A,'Staffing Sheet 2nd Shift'!$I:$I,""),"")) | E77: =Table200[[#This Row],[Recommended Task]]
A78: Robert R. | B78: 1 | C78: =Inputs!G79 -> 0 | D78: =IF($C78<>"x","",IFERROR(_xlfn.XLOOKUP($A78,'Staffing sheet 1ST Shift'!$A:$A,'Staffing sheet 1ST Shift'!$I:$I,""),"")) | E78: =Table200[[#This Row],[Recommended Task]]
A79: Robert Wilson | B79: 2 | C79: =Inputs!G80 -> 0 | D79: =IF($C79<>"x","",IFERROR(_xlfn.XLOOKUP($A79,'Staffing Sheet 2nd Shift'!$A:$A,'Staffing Sheet 2nd Shift'!$I:$I,""),"")) | E79: =Table200[[#This Row],[Recommended Task]]
A80: Robert Worthington | B80: 2 | C80: =Inputs!G81 -> 0 | D80: =IF($C80<>"x","",IFERROR(_xlfn.XLOOKUP($A80,'Staffing Sheet 2nd Shift'!$A:$A,'Staffing Sheet 2nd Shift'!$I:$I,""),"")) | E80: =Table200[[#This Row],[Recommended Task]]
A81: Ruben A. | B81: 1 | C81: =Inputs!G82 -> 0 | D81: =IF($C81<>"x","",IFERROR(_xlfn.XLOOKUP($A81,'Staffing sheet 1ST Shift'!$A:$A,'Staffing sheet 1ST Shift'!$I:$I,""),"")) | E81: =Table200[[#This Row],[Recommended Task]]
A82: Russell G. | B82: 1 | C82: =Inputs!G83 -> 0 | D82: =IF($C82<>"x","",IFERROR(_xlfn.XLOOKUP($A82,'Staffing sheet 1ST Shift'!$A:$A,'Staffing sheet 1ST Shift'!$I:$I,""),"")) | E82: =Table200[[#This Row],[Recommended Task]]
A83: Sajaveion W. | B83: 1 | C83: =Inputs!G84 -> 0 | D83: =IF($C83<>"x","",IFERROR(_xlfn.XLOOKUP($A83,'Staffing sheet 1ST Shift'!$A:$A,'Staffing sheet 1ST Shift'!$I:$I,""),"")) | E83: =Table200[[#This Row],[Recommended Task]]
A84: Saul Castorena | B84: 2 | C84: =Inputs!G85 -> 0 | D84: =IF($C84<>"x","",IFERROR(_xlfn.XLOOKUP($A84,'Staffing Sheet 2nd Shift'!$A:$A,'Staffing Sheet 2nd Shift'!$I:$I,""),"")) | E84: =Table200[[#This Row],[Recommended Task]]
A85: Shane N. | B85: 1 | C85: =Inputs!G86 -> 0 | D85: =IF($C85<>"x","",IFERROR(_xlfn.XLOOKUP($A85,'Staffing sheet 1ST Shift'!$A:$A,'Staffing sheet 1ST Shift'!$I:$I,""),"")) | E85: =Table200[[#This Row],[Recommended Task]]
A86: Taurus Sherrer | B86: 2 | C86: =Inputs!G87 -> 0 | D86: =IF($C86<>"x","",IFERROR(_xlfn.XLOOKUP($A86,'Staffing Sheet 2nd Shift'!$A:$A,'Staffing Sheet 2nd Shift'!$I:$I,""),"")) | E86: =Table200[[#This Row],[Recommended Task]]
A87: Taylor Belisle | B87: 2 | C87: =Inputs!G88 -> 0 | D87: =IF($C87<>"x","",IFERROR(_xlfn.XLOOKUP($A87,'Staffing Sheet 2nd Shift'!$A:$A,'Staffing Sheet 2nd Shift'!$I:$I,""),"")) | E87: =Table200[[#This Row],[Recommended Task]]
A88: Terry Thomas | B88: 2 | C88: =Inputs!G89 -> 0 | D88: =IF($C88<>"x","",IFERROR(_xlfn.XLOOKUP($A88,'Staffing Sheet 2nd Shift'!$A:$A,'Staffing Sheet 2nd Shift'!$I:$I,""),"")) | E88: =Table200[[#This Row],[Recommended Task]]
A89: Tim Skaggs | B89: 2 | C89: =Inputs!G90 -> 0 | D89: =IF($C89<>"x","",IFERROR(_xlfn.XLOOKUP($A89,'Staffing Sheet 2nd Shift'!$A:$A,'Staffing Sheet 2nd Shift'!$I:$I,""),"")) | E89: =Table200[[#This Row],[Recommended Task]]
A90: Tony Zapata | B90: 2 | C90: =Inputs!G91 -> 0 | D90: =IF($C90<>"x","",IFERROR(_xlfn.XLOOKUP($A90,'Staffing Sheet 2nd Shift'!$A:$A,'Staffing Sheet 2nd Shift'!$I:$I,""),"")) | E90: =Table200[[#This Row],[Recommended Task]]
A91: Tye Lewis | B91: 2 | C91: =Inputs!G92 -> 0 | D91: =IF($C91<>"x","",IFERROR(_xlfn.XLOOKUP($A91,'Staffing Sheet 2nd Shift'!$A:$A,'Staffing Sheet 2nd Shift'!$I:$I,""),"")) | E91: =Table200[[#This Row],[Recommended Task]]
A92: Tyrell R. | B92: 1 | C92: =Inputs!G93 -> 0 | D92: =IF($C92<>"x","",IFERROR(_xlfn.XLOOKUP($A92,'Staffing sheet 1ST Shift'!$A:$A,'Staffing sheet 1ST Shift'!$I:$I,""),"")) | E92: =Table200[[#This Row],[Recommended Task]]
A93: Ulises Mendoza | B93: 2 | C93: =Inputs!G94 -> 0 | D93: =IF($C93<>"x","",IFERROR(_xlfn.XLOOKUP($A93,'Staffing Sheet 2nd Shift'!$A:$A,'Staffing Sheet 2nd Shift'!$I:$I,""),"")) | E93: =Table200[[#This Row],[Recommended Task]]
A94: Vernon Plamer | B94: 2 | C94: =Inputs!G95 -> 0 | D94: =IF($C94<>"x","",IFERROR(_xlfn.XLOOKUP($A94,'Staffing Sheet 2nd Shift'!$A:$A,'Staffing Sheet 2nd Shift'!$I:$I,""),"")) | E94: =Table200[[#This Row],[Recommended Task]]
A95: Von N. | B95: 1 | C95: =Inputs!G96 -> 0 | D95: =IF($C95<>"x","",IFERROR(_xlfn.XLOOKUP($A95,'Staffing sheet 1ST Shift'!$A:$A,'Staffing sheet 1ST Shift'!$I:$I,""),"")) | E95: =Table200[[#This Row],[Recommended Task]]
A96: Walter W. | B96: 1 | C96: =Inputs!G97 -> 0 | D96: =IF($C96<>"x","",IFERROR(_xlfn.XLOOKUP($A96,'Staffing sheet 1ST Shift'!$A:$A,'Staffing sheet 1ST Shift'!$I:$I,""),"")) | E96: =Table200[[#This Row],[Recommended Task]]
A97: Will Perkins. | B97: 1 | C97: =Inputs!G98 -> 0 | D97: =IF($C97<>"x","",IFERROR(_xlfn.XLOOKUP($A97,'Staffing sheet 1ST Shift'!$A:$A,'Staffing sheet 1ST Shift'!$I:$I,""),"")) | E97: =Table200[[#This Row],[Recommended Task]]
C98: {=COUNTIF(G2:G97,x)} -> 0
C148: =COUNTIF(C2:C48,"X") -> 0

Sheet Staffing Forecast
B2: Day | C2: =Inputs!B1 -> 0 | E2: HOURS AVAILABLE | H2: HOURS NEEDED
B3: Shift | C3: =Inputs!B2 -> 0 | E3: =C27*C4 -> 0 | H3: =D27*C4 -> 38
B4: Shift Hours Remaining | C4: =Inputs!B4 -> 9.5
B5: Total Cases to Pick | C5: =Inputs!B5 -> 0
B6: Total Pallets to Pull | C6: =Inputs!B6 -> 0
B7: Total Replenishments | C7: =C5/70 -> 0
B8: Total Outbounds | C8: =Inputs!B7 -> 0
B9: Crossroads Running | C9: =Inputs!B8 -> 0 | F9: OUTBOUND STAFFING | T9: INBOUND STAFFING NEEDS
B10: Deer Creek Running | C10: =Inputs!B9 -> 0
B11: MSB Running | C11: =Inputs!B10 -> 0 | F11: Total Pallets to Pull | G11: # Drivers Needed | I11: Total Cases to Pick | J11: # Pickers Needed | L11: Pallets to Replenish | M11: # Replen Needed | O11: Trailers to Load | P11: # Loaders Needed | T11: Total Pallets to Unload | U11: # Unloaders Needed | W11: Total Pallets to Putaway | X11: # Putaways Needed
B12: Cases Picked Per Hr | C12: 185
B13: Pallets Pulled Per Hr | C13: 25 | F13: =C6 -> 0 | G13: =C6/(25*C4) -> 0 | I13: =C5 -> 0 | J13: =C5/(185*C4) -> 0 | L13: =C7 -> 0 | M13: =C7/(25*C4) -> 0 | O13: =C8 -> 0 | P13: =C8/(1*C4) -> 0 | T13: =(C9="YES")*('Percentage Data'!R21)+(C10="YES")*('Percentage Data'!R22)+(C11="YES")*('Percentage Data'!R23) -> 0 | U13: =((((C9="YES")*('Percentage Data'!R21)+(C10="YES")*('Percentage Data'!R22)+(C11="YES")*('Percentage Data'!R23))/C4)/C14)/2 -> 0 | W13: =(C9="YES")*('Percentage Data'!R21)+(C10="YES")*('Percentage Data'!R22)+(C11="YES")*('Percentage Data'!R23) -> 0 | X13: =((W13/C4)/C15)/2 -> 0 | AB13: =T13 -> 0 | AC13: =AB13 -> 0
B14: Pallets Unloaded Per Hr | C14: 44 | U14: =((((#REF!="YES")*('Percentage Data'!AC4)+(#REF!="YES")*('Percentage Data'!AC5)+(#REF!="YES")*('Percentage Data'!AC6))/#REF!)/#REF!)/2 -> #REF! | X14: =((W9/#REF!)/C5)/2 -> #REF!
B15: Pallet Putaway Per Hr | C15: 25
B16: Loads Per Hour | C16: 1
B19: Positions | C19: Available | D19: Needed
B20: Unloaders | C20: ='Crew Sheet'!I9 -> 0 | D20: =2 -> 2
B21: Receivers | C21: ='Crew Sheet'!I10 -> 0 | D21: =2 -> 2
B22: Putaway | C22: ='Crew Sheet'!I11 -> 0 | D22: =X13 -> 0
B23: Case Pickers | C23: ='Crew Sheet'!I12 -> 0 | D23: =J13 -> 0
B24: Replenishment | C24: ='Crew Sheet'!I13 -> 0 | D24: =M13 -> 0
B25: Full Pallet Pullers | C25: ='Crew Sheet'!I14 -> 0 | D25: =G13 -> 0
B26: Loaders | C26: ='Crew Sheet'!I15 -> 0 | D26: =P13 -> 0
B27: TOTALS | C27: =SUM(C20:C26) -> 0 | D27: =ROUND(SUM(D20:D26),0) -> 4

Sheet Staffing Dashboard

Sheet Staffing sheet 1ST Shift
A1: Name | B1: Shift | C1: Weekday/Weekend | D1: Skills | E1: Forklift Certified | F1: Best Fit | G1: Classification | H1: Present | I1: Recommended Task | K1: Skills | L1: Classification | M1: Yes | N1: Standard | O1: Value | R1: Weekday | S1: 1st | T1: Present | U1: Picking Score | V1: Loader Score | W1: Tasker Score | X1: Unloading Score | Y1: Reeceiving Score
A2: Douglas W. | B2: 1st | C2: Weekend | D2: T/L | E2: Yes | F2: Loading | H2: =IFERROR(VLOOKUP($A2,'Crew Sheet'!#REF!,2,FALSE),"") | I2: =IF($T2<>"x","", IF(TRIM($D2)="P","Picking", IF(AND(COUNTIF($F2,"*Unload*"),COUNTIF($D2,"*U*")),"Unloading", IF(AND(COUNTIF($D2,"*L*"),COUNTIFS($I$1:I1,"Loading",$T$1:T1,"x")<ROUNDUP(_xlfn.XLOOKUP("Loaders",'Crew Sheet'!$H:$H,'Crew Sheet'!$L:$L),0)),"Loading", IF(AND(COUNTIF($D2,"*R*"),COUNTIFS($I$1:I1,"Receiving",$T$1:T1,"x")<ROUNDUP(SUM('Crew Sheet'!$L$10:$L$11),0)),"Receiving", IF(AND(COUNTIF($F2,"*Pick*"),COUNTIF($D2,"*P*")),"Picking", IF(AND(COUNTIF($F2,"*Task*"),COUNTIF($D2,"*T*")),"Replen/Pallets/Putaways", IF(COUNTIF($D2,"*T*"),"Replen/Pallets/Putaways","Lead/Extra")))))))) | K2: Picking | L2: Below Average | M2: No | N2: Pulls x hour | O2: 25 | R2: Weekend | S2: 2nd | T2: =IFERROR(VLOOKUP($A2,'Crew Sheet'!$A:$C,2,FALSE),"") -> 1 | U2: =IF($T2<>"x",-999,IF(IFERROR(ISNUMBER(SEARCH("P",$D2)),FALSE),100,0)+IF(IFERROR(ISNUMBER(SEARCH("Pick",$F2)),FALSE),1000,0)+IF($G2="Above Average",100,IF($G2="Average",50,0))) -> -999 | V2: =IF($T2<>"x",-999,IF(IFERROR(ISNUMBER(SEARCH("L",$D2)),FALSE),100,0)+IF(IFERROR(ISNUMBER(SEARCH("Load",$F2)),FALSE),1000,0)+IF($G2="Above Average",100,IF($G2="Average",50,0))) -> -999 | W2: =IF($T2<>"x",-999,IF(IFERROR(ISNUMBER(SEARCH("T",$D2)),FALSE),100,0)+IF(OR(IFERROR(ISNUMBER(SEARCH("Task",$F2)),FALSE),IFERROR(ISNUMBER(SEARCH("Putaway",$F2)),FALSE),IFERROR(ISNUMBER(SEARCH("Replen",$F2)),FALSE),IFERROR(ISNUMBER(SEARCH("Full Pallet",$F2)),FALSE)),1000,0)+IF($G2="Above Average",100,IF($G2="Average",50,0))) -> -999 | X2: =IF($T2<>"x",-999,IF(IFERROR(ISNUMBER(SEARCH("U",$D2)),FALSE),100,0)+IF(IFERROR(ISNUMBER(SEARCH("Unload",$F2)),FALSE),1000,0)+IF($G2="Above Average",100,IF($G2="Average",50,0))) -> -999 | Y2: =IF($T2<>"x",-999,IF(IFERROR(ISNUMBER(SEARCH("R",$D2)),FALSE),100,0)+IF(IFERROR(ISNUMBER(SEARCH("Receiv",$F2)),FALSE),1000,0)+IF($G2="Above Average",100,IF($G2="Average",50,0))) -> -999
A3: Dwayne A. | B3: 1st | C3: Weekend | D3: P/T/R/L | E3: Yes | F3: Loading | H3: =IFERROR(VLOOKUP($A3,'Crew Sheet'!#REF!,2,FALSE),"") | I3: =IF($T3<>"x","", IF(TRIM($D3)="P","Picking", IF(AND(COUNTIF($F3,"*Unload*"),COUNTIF($D3,"*U*")),"Unloading", IF(AND(COUNTIF($D3,"*L*"),COUNTIFS($I$1:I2,"Loading",$T$1:T2,"x")<ROUNDUP(_xlfn.XLOOKUP("Loaders",'Crew Sheet'!$H:$H,'Crew Sheet'!$L:$L),0)),"Loading", IF(AND(COUNTIF($D3,"*R*"),COUNTIFS($I$1:I2,"Receiving",$T$1:T2,"x")<ROUNDUP(SUM('Crew Sheet'!$L$10:$L$11),0)),"Receiving", IF(AND(COUNTIF($F3,"*Pick*"),COUNTIF($D3,"*P*")),"Picking", IF(AND(COUNTIF($F3,"*Task*"),COUNTIF($D3,"*T*")),"Replen/Pallets/Putaways", IF(COUNTIF($D3,"*T*"),"Replen/Pallets/Putaways","Lead/Extra")))))))) | K3: Unloading | L3: Average | N3: Picks x hour | O3: 185 | T3: =IFERROR(VLOOKUP($A3,'Crew Sheet'!$A:$C,2,FALSE),"") -> 1 | U3: =IF($T3<>"x",-999,IF(IFERROR(ISNUMBER(SEARCH("P",$D3)),FALSE),100,0)+IF(IFERROR(ISNUMBER(SEARCH("Pick",$F3)),FALSE),1000,0)+IF($G3="Above Average",100,IF($G3="Average",50,0))) -> -999 | V3: =IF($T3<>"x",-999,IF(IFERROR(ISNUMBER(SEARCH("L",$D3)),FALSE),100,0)+IF(IFERROR(ISNUMBER(SEARCH("Load",$F3)),FALSE),1000,0)+IF($G3="Above Average",100,IF($G3="Average",50,0))) -> -999 | W3: =IF($T3<>"x",-999,IF(IFERROR(ISNUMBER(SEARCH("T",$D3)),FALSE),100,0)+IF(OR(IFERROR(ISNUMBER(SEARCH("Task",$F3)),FALSE),IFERROR(ISNUMBER(SEARCH("Putaway",$F3)),FALSE),IFERROR(ISNUMBER(SEARCH("Replen",$F3)),FALSE),IFERROR(ISNUMBER(SEARCH("Full Pallet",$F3)),FALSE)),1000,0)+IF($G3="Above Average",100,IF($G3="Average",50,0))) -> -999 | X3: =IF($T3<>"x",-999,IF(IFERROR(ISNUMBER(SEARCH("U",$D3)),FALSE),100,0)+IF(IFERROR(ISNUMBER(SEARCH("Unload",$F3)),FALSE),1000,0)+IF($G3="Above Average",100,IF($G3="Average",50,0))) -> -999 | Y3: =IF($T3<>"x",-999,IF(IFERROR(ISNUMBER(SEARCH("R",$D3)),FALSE),100,0)+IF(IFERROR(ISNUMBER(SEARCH("Receiv",$F3)),FALSE),1000,0)+IF($G3="Above Average",100,IF($G3="Average",50,0))) -> -999
A4: Joe M. | B4: 1st | C4: Weekend | D4: T/L | E4: Yes | F4: Loading | H4: =IFERROR(VLOOKUP($A4,'Crew Sheet'!#REF!,2,FALSE),"") | I4: =IF($T4<>"x","", IF(TRIM($D4)="P","Picking", IF(AND(COUNTIF($F4,"*Unload*"),COUNTIF($D4,"*U*")),"Unloading", IF(AND(COUNTIF($D4,"*L*"),COUNTIFS($I$1:I3,"Loading",$T$1:T3,"x")<ROUNDUP(_xlfn.XLOOKUP("Loaders",'Crew Sheet'!$H:$H,'Crew Sheet'!$L:$L),0)),"Loading", IF(AND(COUNTIF($D4,"*R*"),COUNTIFS($I$1:I3,"Receiving",$T$1:T3,"x")<ROUNDUP(SUM('Crew Sheet'!$L$10:$L$11),0)),"Receiving", IF(AND(COUNTIF($F4,"*Pick*"),COUNTIF($D4,"*P*")),"Picking", IF(AND(COUNTIF($F4,"*Task*"),COUNTIF($D4,"*T*")),"Replen/Pallets/Putaways", IF(COUNTIF($D4,"*T*"),"Replen/Pallets/Putaways","Lead/Extra")))))))) | K4: Receiving | L4: Above Average | N4: Loads x hour | O4: 1 | T4: =IFERROR(VLOOKUP($A4,'Crew Sheet'!$A:$C,2,FALSE),"") -> 1 | U4: =IF($T4<>"x",-999,IF(IFERROR(ISNUMBER(SEARCH("P",$D4)),FALSE),100,0)+IF(IFERROR(ISNUMBER(SEARCH("Pick",$F4)),FALSE),1000,0)+IF($G4="Above Average",100,IF($G4="Average",50,0))) -> -999 | V4: =IF($T4<>"x",-999,IF(IFERROR(ISNUMBER(SEARCH("L",$D4)),FALSE),100,0)+IF(IFERROR(ISNUMBER(SEARCH("Load",$F4)),FALSE),1000,0)+IF($G4="Above Average",100,IF($G4="Average",50,0))) -> -999 | W4: =IF($T4<>"x",-999,IF(IFERROR(ISNUMBER(SEARCH("T",$D4)),FALSE),100,0)+IF(OR(IFERROR(ISNUMBER(SEARCH("Task",$F4)),FALSE),IFERROR(ISNUMBER(SEARCH("Putaway",$F4)),FALSE),IFERROR(ISNUMBER(SEARCH("Replen",$F4)),FALSE),IFERROR(ISNUMBER(SEARCH("Full Pallet",$F4)),FALSE)),1000,0)+IF($G4="Above Average",100,IF($G4="Average",50,0))) -> -999 | X4: =IF($T4<>"x",-999,IF(IFERROR(ISNUMBER(SEARCH("U",$D4)),FALSE),100,0)+IF(IFERROR(ISNUMBER(SEARCH("Unload",$F4)),FALSE),1000,0)+IF($G4="Above Average",100,IF($G4="Average",50,0))) -> -999 | Y4: =IF($T4<>"x",-999,IF(IFERROR(ISNUMBER(SEARCH("R",$D4)),FALSE),100,0)+IF(IFERROR(ISNUMBER(SEARCH("Receiv",$F4)),FALSE),1000,0)+IF($G4="Above Average",100,IF($G4="Average",50,0))) -> -999
A5: Jose G. | B5: 1st | C5: Weekend | D5: T/L | E5: Yes | F5: Loading | H5: =IFERROR(VLOOKUP($A5,'Crew Sheet'!#REF!,2,FALSE),"") | I5: =IF($T5<>"x","", IF(TRIM($D5)="P","Picking", IF(AND(COUNTIF($F5,"*Unload*"),COUNTIF($D5,"*U*")),"Unloading", IF(AND(COUNTIF($D5,"*L*"),COUNTIFS($I$1:I4,"Loading",$T$1:T4,"x")<ROUNDUP(_xlfn.XLOOKUP("Loaders",'Crew Sheet'!$H:$H,'Crew Sheet'!$L:$L),0)),"Loading", IF(AND(COUNTIF($D5,"*R*"),COUNTIFS($I$1:I4,"Receiving",$T$1:T4,"x")<ROUNDUP(SUM('Crew Sheet'!$L$10:$L$11),0)),"Receiving", IF(AND(COUNTIF($F5,"*Pick*"),COUNTIF($D5,"*P*")),"Picking", IF(AND(COUNTIF($F5,"*Task*"),COUNTIF($D5,"*T*")),"Replen/Pallets/Putaways", IF(COUNTIF($D5,"*T*"),"Replen/Pallets/Putaways","Lead/Extra")))))))) | K5: Loading | N5: Pallets Unloaded x hour | T5: =IFERROR(VLOOKUP($A5,'Crew Sheet'!$A:$C,2,FALSE),"") -> 1 | U5: =IF($T5<>"x",-999,IF(IFERROR(ISNUMBER(SEARCH("P",$D5)),FALSE),100,0)+IF(IFERROR(ISNUMBER(SEARCH("Pick",$F5)),FALSE),1000,0)+IF($G5="Above Average",100,IF($G5="Average",50,0))) -> -999 | V5: =IF($T5<>"x",-999,IF(IFERROR(ISNUMBER(SEARCH("L",$D5)),FALSE),100,0)+IF(IFERROR(ISNUMBER(SEARCH("Load",$F5)),FALSE),1000,0)+IF($G5="Above Average",100,IF($G5="Average",50,0))) -> -999 | W5: =IF($T5<>"x",-999,IF(IFERROR(ISNUMBER(SEARCH("T",$D5)),FALSE),100,0)+IF(OR(IFERROR(ISNUMBER(SEARCH("Task",$F5)),FALSE),IFERROR(ISNUMBER(SEARCH("Putaway",$F5)),FALSE),IFERROR(ISNUMBER(SEARCH("Replen",$F5)),FALSE),IFERROR(ISNUMBER(SEARCH("Full Pallet",$F5)),FALSE)),1000,0)+IF($G5="Above Average",100,IF($G5="Average",50,0))) -> -999 | X5: =IF($T5<>"x",-999,IF(IFERROR(ISNUMBER(SEARCH("U",$D5)),FALSE),100,0)+IF(IFERROR(ISNUMBER(SEARCH("Unload",$F5)),FALSE),1000,0)+IF($G5="Above Average",100,IF($G5="Average",50,0))) -> -999 | Y5: =IF($T5<>"x",-999,IF(IFERROR(ISNUMBER(SEARCH("R",$D5)),FALSE),100,0)+IF(IFERROR(ISNUMBER(SEARCH("Receiv",$F5)),FALSE),1000,0)+IF($G5="Above Average",100,IF($G5="Average",50,0))) -> -999
A6: Pablo H. | B6: 1st | C6: Weekday | D6: T/L | E6: Yes | F6: Loading | H6: =IFERROR(VLOOKUP($A6,'Crew Sheet'!#REF!,2,FALSE),"") | I6: =IF($T6<>"x","", IF(TRIM($D6)="P","Picking", IF(AND(COUNTIF($F6,"*Unload*"),COUNTIF($D6,"*U*")),"Unloading", IF(AND(COUNTIF($D6,"*L*"),COUNTIFS($I$1:I5,"Loading",$T$1:T5,"x")<ROUNDUP(_xlfn.XLOOKUP("Loaders",'Crew Sheet'!$H:$H,'Crew Sheet'!$L:$L),0)),"Loading", IF(AND(COUNTIF($D6,"*R*"),COUNTIFS($I$1:I5,"Receiving",$T$1:T5,"x")<ROUNDUP(SUM('Crew Sheet'!$L$10:$L$11),0)),"Receiving", IF(AND(COUNTIF($F6,"*Pick*"),COUNTIF($D6,"*P*")),"Picking", IF(AND(COUNTIF($F6,"*Task*"),COUNTIF($D6,"*T*")),"Replen/Pallets/Putaways", IF(COUNTIF($D6,"*T*"),"Replen/Pallets/Putaways","Lead/Extra")))))))) | K6: Tasking | T6: =IFERROR(VLOOKUP($A6,'Crew Sheet'!$A:$C,2,FALSE),"") -> 1 | U6: =IF($T6<>"x",-999,IF(IFERROR(ISNUMBER(SEARCH("P",$D6)),FALSE),100,0)+IF(IFERROR(ISNUMBER(SEARCH("Pick",$F6)),FALSE),1000,0)+IF($G6="Above Average",100,IF($G6="Average",50,0))) -> -999 | V6: =IF($T6<>"x",-999,IF(IFERROR(ISNUMBER(SEARCH("L",$D6)),FALSE),100,0)+IF(IFERROR(ISNUMBER(SEARCH("Load",$F6)),FALSE),1000,0)+IF($G6="Above Average",100,IF($G6="Average",50,0))) -> -999 | W6: =IF($T6<>"x",-999,IF(IFERROR(ISNUMBER(SEARCH("T",$D6)),FALSE),100,0)+IF(OR(IFERROR(ISNUMBER(SEARCH("Task",$F6)),FALSE),IFERROR(ISNUMBER(SEARCH("Putaway",$F6)),FALSE),IFERROR(ISNUMBER(SEARCH("Replen",$F6)),FALSE),IFERROR(ISNUMBER(SEARCH("Full Pallet",$F6)),FALSE)),1000,0)+IF($G6="Above Average",100,IF($G6="Average",50,0))) -> -999 | X6: =IF($T6<>"x",-999,IF(IFERROR(ISNUMBER(SEARCH("U",$D6)),FALSE),100,0)+IF(IFERROR(ISNUMBER(SEARCH("Unload",$F6)),FALSE),1000,0)+IF($G6="Above Average",100,IF($G6="Average",50,0))) -> -999 | Y6: =IF($T6<>"x",-999,IF(IFERROR(ISNUMBER(SEARCH("R",$D6)),FALSE),100,0)+IF(IFERROR(ISNUMBER(SEARCH("Receiv",$F6)),FALSE),1000,0)+IF($G6="Above Average",100,IF($G6="Average",50,0))) -> -999
A7: Anthony T | B7: 1st | C7: Weekend | D7: P | E7: Yes | F7: Picking | H7: =IFERROR(VLOOKUP($A7,'Crew Sheet'!#REF!,2,FALSE),"") | I7: =IF($T7<>"x","", IF(TRIM($D7)="P","Picking", IF(AND(COUNTIF($F7,"*Unload*"),COUNTIF($D7,"*U*")),"Unloading", IF(AND(COUNTIF($D7,"*L*"),COUNTIFS($I$1:I6,"Loading",$T$1:T6,"x")<ROUNDUP(_xlfn.XLOOKUP("Loaders",'Crew Sheet'!$H:$H,'Crew Sheet'!$L:$L),0)),"Loading", IF(AND(COUNTIF($D7,"*R*"),COUNTIFS($I$1:I6,"Receiving",$T$1:T6,"x")<ROUNDUP(SUM('Crew Sheet'!$L$10:$L$11),0)),"Receiving", IF(AND(COUNTIF($F7,"*Pick*"),COUNTIF($D7,"*P*")),"Picking", IF(AND(COUNTIF($F7,"*Task*"),COUNTIF($D7,"*T*")),"Replen/Pallets/Putaways", IF(COUNTIF($D7,"*T*"),"Replen/Pallets/Putaways","Lead/Extra")))))))) | T7: =IFERROR(VLOOKUP($A7,'Crew Sheet'!$A:$C,2,FALSE),"") -> 1 | U7: =IF($T7<>"x",-999,IF(IFERROR(ISNUMBER(SEARCH("P",$D7)),FALSE),100,0)+IF(IFERROR(ISNUMBER(SEARCH("Pick",$F7)),FALSE),1000,0)+IF($G7="Above Average",100,IF($G7="Average",50,0))) -> -999 | V7: =IF($T7<>"x",-999,IF(IFERROR(ISNUMBER(SEARCH("L",$D7)),FALSE),100,0)+IF(IFERROR(ISNUMBER(SEARCH("Load",$F7)),FALSE),1000,0)+IF($G7="Above Average",100,IF($G7="Average",50,0))) -> -999 | W7: =IF($T7<>"x",-999,IF(IFERROR(ISNUMBER(SEARCH("T",$D7)),FALSE),100,0)+IF(OR(IFERROR(ISNUMBER(SEARCH("Task",$F7)),FALSE),IFERROR(ISNUMBER(SEARCH("Putaway",$F7)),FALSE),IFERROR(ISNUMBER(SEARCH("Replen",$F7)),FALSE),IFERROR(ISNUMBER(SEARCH("Full Pallet",$F7)),FALSE)),1000,0)+IF($G7="Above Average",100,IF($G7="Average",50,0))) -> -999 | X7: =IF($T7<>"x",-999,IF(IFERROR(ISNUMBER(SEARCH("U",$D7)),FALSE),100,0)+IF(IFERROR(ISNUMBER(SEARCH("Unload",$F7)),FALSE),1000,0)+IF($G7="Above Average",100,IF($G7="Average",50,0))) -> -999 | Y7: =IF($T7<>"x",-999,IF(IFERROR(ISNUMBER(SEARCH("R",$D7)),FALSE),100,0)+IF(IFERROR(ISNUMBER(SEARCH("Receiv",$F7)),FALSE),1000,0)+IF($G7="Above Average",100,IF($G7="Average",50,0))) -> -999
A8: Ariel | B8: 1st | C8: Weekend | D8: P | E8: No | F8: Picking | H8: =IFERROR(VLOOKUP($A8,'Crew Sheet'!#REF!,2,FALSE),"") | I8: =IF($T8<>"x","", IF(TRIM($D8)="P","Picking", IF(AND(COUNTIF($F8,"*Unload*"),COUNTIF($D8,"*U*")),"Unloading", IF(AND(COUNTIF($D8,"*L*"),COUNTIFS($I$1:I7,"Loading",$T$1:T7,"x")<ROUNDUP(_xlfn.XLOOKUP("Loaders",'Crew Sheet'!$H:$H,'Crew Sheet'!$L:$L),0)),"Loading", IF(AND(COUNTIF($D8,"*R*"),COUNTIFS($I$1:I7,"Receiving",$T$1:T7,"x")<ROUNDUP(SUM('Crew Sheet'!$L$10:$L$11),0)),"Receiving", IF(AND(COUNTIF($F8,"*Pick*"),COUNTIF($D8,"*P*")),"Picking", IF(AND(COUNTIF($F8,"*Task*"),COUNTIF($D8,"*T*")),"Replen/Pallets/Putaways", IF(COUNTIF($D8,"*T*"),"Replen/Pallets/Putaways","Lead/Extra")))))))) | N8: Picking | O8: P | T8: =IFERROR(VLOOKUP($A8,'Crew Sheet'!$A:$C,2,FALSE),"") -> 1 | U8: =IF($T8<>"x",-999,IF(IFERROR(ISNUMBER(SEARCH("P",$D8)),FALSE),100,0)+IF(IFERROR(ISNUMBER(SEARCH("Pick",$F8)),FALSE),1000,0)+IF($G8="Above Average",100,IF($G8="Average",50,0))) -> -999 | V8: =IF($T8<>"x",-999,IF(IFERROR(ISNUMBER(SEARCH("L",$D8)),FALSE),100,0)+IF(IFERROR(ISNUMBER(SEARCH("Load",$F8)),FALSE),1000,0)+IF($G8="Above Average",100,IF($G8="Average",50,0))) -> -999 | W8: =IF($T8<>"x",-999,IF(IFERROR(ISNUMBER(SEARCH("T",$D8)),FALSE),100,0)+IF(OR(IFERROR(ISNUMBER(SEARCH("Task",$F8)),FALSE),IFERROR(ISNUMBER(SEARCH("Putaway",$F8)),FALSE),IFERROR(ISNUMBER(SEARCH("Replen",$F8)),FALSE),IFERROR(ISNUMBER(SEARCH("Full Pallet",$F8)),FALSE)),1000,0)+IF($G8="Above Average",100,IF($G8="Average",50,0))) -> -999 | X8: =IF($T8<>"x",-999,IF(IFERROR(ISNUMBER(SEARCH("U",$D8)),FALSE),100,0)+IF(IFERROR(ISNUMBER(SEARCH("Unload",$F8)),FALSE),1000,0)+IF($G8="Above Average",100,IF($G8="Average",50,0))) -> -999 | Y8: =IF($T8<>"x",-999,IF(IFERROR(ISNUMBER(SEARCH("R",$D8)),FALSE),100,0)+IF(IFERROR(ISNUMBER(SEARCH("Receiv",$F8)),FALSE),1000,0)+IF($G8="Above Average",100,IF($G8="Average",50,0))) -> -999
A9: Brett W. | B9: 1st | C9: Weekday | D9: P/T | E9: Yes | F9: Picking | H9: =IFERROR(VLOOKUP($A9,'Crew Sheet'!#REF!,2,FALSE),"") | I9: =IF($T9<>"x","", IF(TRIM($D9)="P","Picking", IF(AND(COUNTIF($F9,"*Unload*"),COUNTIF($D9,"*U*")),"Unloading", IF(AND(COUNTIF($D9,"*L*"),COUNTIFS($I$1:I8,"Loading",$T$1:T8,"x")<ROUNDUP(_xlfn.XLOOKUP("Loaders",'Crew Sheet'!$H:$H,'Crew Sheet'!$L:$L),0)),"Loading", IF(AND(COUNTIF($D9,"*R*"),COUNTIFS($I$1:I8,"Receiving",$T$1:T8,"x")<ROUNDUP(SUM('Crew Sheet'!$L$10:$L$11),0)),"Receiving", IF(AND(COUNTIF($F9,"*Pick*"),COUNTIF($D9,"*P*")),"Picking", IF(AND(COUNTIF($F9,"*Task*"),COUNTIF($D9,"*T*")),"Replen/Pallets/Putaways", IF(COUNTIF($D9,"*T*"),"Replen/Pallets/Putaways","Lead/Extra")))))))) | N9: Receiving | O9: R | T9: =IFERROR(VLOOKUP($A9,'Crew Sheet'!$A:$C,2,FALSE),"") -> 1 | U9: =IF($T9<>"x",-999,IF(IFERROR(ISNUMBER(SEARCH("P",$D9)),FALSE),100,0)+IF(IFERROR(ISNUMBER(SEARCH("Pick",$F9)),FALSE),1000,0)+IF($G9="Above Average",100,IF($G9="Average",50,0))) -> -999 | V9: =IF($T9<>"x",-999,IF(IFERROR(ISNUMBER(SEARCH("L",$D9)),FALSE),100,0)+IF(IFERROR(ISNUMBER(SEARCH("Load",$F9)),FALSE),1000,0)+IF($G9="Above Average",100,IF($G9="Average",50,0))) -> -999 | W9: =IF($T9<>"x",-999,IF(IFERROR(ISNUMBER(SEARCH("T",$D9)),FALSE),100,0)+IF(OR(IFERROR(ISNUMBER(SEARCH("Task",$F9)),FALSE),IFERROR(ISNUMBER(SEARCH("Putaway",$F9)),FALSE),IFERROR(ISNUMBER(SEARCH("Replen",$F9)),FALSE),IFERROR(ISNUMBER(SEARCH("Full Pallet",$F9)),FALSE)),1000,0)+IF($G9="Above Average",100,IF($G9="Average",50,0))) -> -999 | X9: =IF($T9<>"x",-999,IF(IFERROR(ISNUMBER(SEARCH("U",$D9)),FALSE),100,0)+IF(IFERROR(ISNUMBER(SEARCH("Unload",$F9)),FALSE),1000,0)+IF($G9="Above Average",100,IF($G9="Average",50,0))) -> -999 | Y9: =IF($T9<>"x",-999,IF(IFERROR(ISNUMBER(SEARCH("R",$D9)),FALSE),100,0)+IF(IFERROR(ISNUMBER(SEARCH("Receiv",$F9)),FALSE),1000,0)+IF($G9="Above Average",100,IF($G9="Average",50,0))) -> -999
A10: Daniel V. | B10: 1st | C10: Weekday | D10: P | E10: Yes | F10: Picking | H10: =IFERROR(VLOOKUP($A10,'Crew Sheet'!#REF!,2,FALSE),"") | I10: =IF($T10<>"x","", IF(TRIM($D10)="P","Picking", IF(AND(COUNTIF($F10,"*Unload*"),COUNTIF($D10,"*U*")),"Unloading", IF(AND(COUNTIF($D10,"*L*"),COUNTIFS($I$1:I9,"Loading",$T$1:T9,"x")<ROUNDUP(_xlfn.XLOOKUP("Loaders",'Crew Sheet'!$H:$H,'Crew Sheet'!$L:$L),0)),"Loading", IF(AND(COUNTIF($D10,"*R*"),COUNTIFS($I$1:I9,"Receiving",$T$1:T9,"x")<ROUNDUP(SUM('Crew Sheet'!$L$10:$L$11),0)),"Receiving", IF(AND(COUNTIF($F10,"*Pick*"),COUNTIF($D10,"*P*")),"Picking", IF(AND(COUNTIF($F10,"*Task*"),COUNTIF($D10,"*T*")),"Replen/Pallets/Putaways", IF(COUNTIF($D10,"*T*"),"Replen/Pallets/Putaways","Lead/Extra")))))))) | N10: Unloading | O10: U | T10: =IFERROR(VLOOKUP($A10,'Crew Sheet'!$A:$C,2,FALSE),"") -> 1 | U10: =IF($T10<>"x",-999,IF(IFERROR(ISNUMBER(SEARCH("P",$D10)),FALSE),100,0)+IF(IFERROR(ISNUMBER(SEARCH("Pick",$F10)),FALSE),1000,0)+IF($G10="Above Average",100,IF($G10="Average",50,0))) -> -999 | V10: =IF($T10<>"x",-999,IF(IFERROR(ISNUMBER(SEARCH("L",$D10)),FALSE),100,0)+IF(IFERROR(ISNUMBER(SEARCH("Load",$F10)),FALSE),1000,0)+IF($G10="Above Average",100,IF($G10="Average",50,0))) -> -999 | W10: =IF($T10<>"x",-999,IF(IFERROR(ISNUMBER(SEARCH("T",$D10)),FALSE),100,0)+IF(OR(IFERROR(ISNUMBER(SEARCH("Task",$F10)),FALSE),IFERROR(ISNUMBER(SEARCH("Putaway",$F10)),FALSE),IFERROR(ISNUMBER(SEARCH("Replen",$F10)),FALSE),IFERROR(ISNUMBER(SEARCH("Full Pallet",$F10)),FALSE)),1000,0)+IF($G10="Above Average",100,IF($G10="Average",50,0))) -> -999 | X10: =IF($T10<>"x",-999,IF(IFERROR(ISNUMBER(SEARCH("U",$D10)),FALSE),100,0)+IF(IFERROR(ISNUMBER(SEARCH("Unload",$F10)),FALSE),1000,0)+IF($G10="Above Average",100,IF($G10="Average",50,0))) -> -999 | Y10: =IF($T10<>"x",-999,IF(IFERROR(ISNUMBER(SEARCH("R",$D10)),FALSE),100,0)+IF(IFERROR(ISNUMBER(SEARCH("Receiv",$F10)),FALSE),1000,0)+IF($G10="Above Average",100,IF($G10="Average",50,0))) -> -999
A11: Felipe P. | B11: 1st | C11: Weekend | D11: P | E11: Yes | F11: Picking | H11: =IFERROR(VLOOKUP($A11,'Crew Sheet'!#REF!,2,FALSE),"") | I11: =IF($T11<>"x","", IF(TRIM($D11)="P","Picking", IF(AND(COUNTIF($F11,"*Unload*"),COUNTIF($D11,"*U*")),"Unloading", IF(AND(COUNTIF($D11,"*L*"),COUNTIFS($I$1:I10,"Loading",$T$1:T10,"x")<ROUNDUP(_xlfn.XLOOKUP("Loaders",'Crew Sheet'!$H:$H,'Crew Sheet'!$L:$L),0)),"Loading", IF(AND(COUNTIF($D11,"*R*"),COUNTIFS($I$1:I10,"Receiving",$T$1:T10,"x")<ROUNDUP(SUM('Crew Sheet'!$L$10:$L$11),0)),"Receiving", IF(AND(COUNTIF($F11,"*Pick*"),COUNTIF($D11,"*P*")),"Picking", IF(AND(COUNTIF($F11,"*Task*"),COUNTIF($D11,"*T*")),"Replen/Pallets/Putaways", IF(COUNTIF($D11,"*T*"),"Replen/Pallets/Putaways","Lead/Extra")))))))) | N11: Loading | O11: L | T11: =IFERROR(VLOOKUP($A11,'Crew Sheet'!$A:$C,2,FALSE),"") -> 1 | U11: =IF($T11<>"x",-999,IF(IFERROR(ISNUMBER(SEARCH("P",$D11)),FALSE),100,0)+IF(IFERROR(ISNUMBER(SEARCH("Pick",$F11)),FALSE),1000,0)+IF($G11="Above Average",100,IF($G11="Average",50,0))) -> -999 | V11: =IF($T11<>"x",-999,IF(IFERROR(ISNUMBER(SEARCH("L",$D11)),FALSE),100,0)+IF(IFERROR(ISNUMBER(SEARCH("Load",$F11)),FALSE),1000,0)+IF($G11="Above Average",100,IF($G11="Average",50,0))) -> -999 | W11: =IF($T11<>"x",-999,IF(IFERROR(ISNUMBER(SEARCH("T",$D11)),FALSE),100,0)+IF(OR(IFERROR(ISNUMBER(SEARCH("Task",$F11)),FALSE),IFERROR(ISNUMBER(SEARCH("Putaway",$F11)),FALSE),IFERROR(ISNUMBER(SEARCH("Replen",$F11)),FALSE),IFERROR(ISNUMBER(SEARCH("Full Pallet",$F11)),FALSE)),1000,0)+IF($G11="Above Average",100,IF($G11="Average",50,0))) -> -999 | X11: =IF($T11<>"x",-999,IF(IFERROR(ISNUMBER(SEARCH("U",$D11)),FALSE),100,0)+IF(IFERROR(ISNUMBER(SEARCH("Unload",$F11)),FALSE),1000,0)+IF($G11="Above Average",100,IF($G11="Average",50,0))) -> -999 | Y11: =IF($T11<>"x",-999,IF(IFERROR(ISNUMBER(SEARCH("R",$D11)),FALSE),100,0)+IF(IFERROR(ISNUMBER(SEARCH("Receiv",$F11)),FALSE),1000,0)+IF($G11="Above Average",100,IF($G11="Average",50,0))) -> -999
A12: Francisco N. | B12: 1st | C12: Weekend | D12: P | E12: No | F12: Picking | H12: =IFERROR(VLOOKUP($A12,'Crew Sheet'!#REF!,2,FALSE),"") | I12: =IF($T12<>"x","", IF(TRIM($D12)="P","Picking", IF(AND(COUNTIF($F12,"*Unload*"),COUNTIF($D12,"*U*")),"Unloading", IF(AND(COUNTIF($D12,"*L*"),COUNTIFS($I$1:I11,"Loading",$T$1:T11,"x")<ROUNDUP(_xlfn.XLOOKUP("Loaders",'Crew Sheet'!$H:$H,'Crew Sheet'!$L:$L),0)),"Loading", IF(AND(COUNTIF($D12,"*R*"),COUNTIFS($I$1:I11,"Receiving",$T$1:T11,"x")<ROUNDUP(SUM('Crew Sheet'!$L$10:$L$11),0)),"Receiving", IF(AND(COUNTIF($F12,"*Pick*"),COUNTIF($D12,"*P*")),"Picking", IF(AND(COUNTIF($F12,"*Task*"),COUNTIF($D12,"*T*")),"Replen/Pallets/Putaways", IF(COUNTIF($D12,"*T*"),"Replen/Pallets/Putaways","Lead/Extra")))))))) | N12: Replenishments | O12: T | T12: =IFERROR(VLOOKUP($A12,'Crew Sheet'!$A:$C,2,FALSE),"") -> 1 | U12: =IF($T12<>"x",-999,IF(IFERROR(ISNUMBER(SEARCH("P",$D12)),FALSE),100,0)+IF(IFERROR(ISNUMBER(SEARCH("Pick",$F12)),FALSE),1000,0)+IF($G12="Above Average",100,IF($G12="Average",50,0))) -> -999 | V12: =IF($T12<>"x",-999,IF(IFERROR(ISNUMBER(SEARCH("L",$D12)),FALSE),100,0)+IF(IFERROR(ISNUMBER(SEARCH("Load",$F12)),FALSE),1000,0)+IF($G12="Above Average",100,IF($G12="Average",50,0))) -> -999 | W12: =IF($T12<>"x",-999,IF(IFERROR(ISNUMBER(SEARCH("T",$D12)),FALSE),100,0)+IF(OR(IFERROR(ISNUMBER(SEARCH("Task",$F12)),FALSE),IFERROR(ISNUMBER(SEARCH("Putaway",$F12)),FALSE),IFERROR(ISNUMBER(SEARCH("Replen",$F12)),FALSE),IFERROR(ISNUMBER(SEARCH("Full Pallet",$F12)),FALSE)),1000,0)+IF($G12="Above Average",100,IF($G12="Average",50,0))) -> -999 | X12: =IF($T12<>"x",-999,IF(IFERROR(ISNUMBER(SEARCH("U",$D12)),FALSE),100,0)+IF(IFERROR(ISNUMBER(SEARCH("Unload",$F12)),FALSE),1000,0)+IF($G12="Above Average",100,IF($G12="Average",50,0))) -> -999 | Y12: =IF($T12<>"x",-999,IF(IFERROR(ISNUMBER(SEARCH("R",$D12)),FALSE),100,0)+IF(IFERROR(ISNUMBER(SEARCH("Receiv",$F12)),FALSE),1000,0)+IF($G12="Above Average",100,IF($G12="Average",50,0))) -> -999
A13: Henry | B13: 1st | C13: Weekday | D13: P | E13: Yes | F13: Picking | H13: =IFERROR(VLOOKUP($A13,'Crew Sheet'!#REF!,2,FALSE),"") | I13: =IF($T13<>"x","", IF(TRIM($D13)="P","Picking", IF(AND(COUNTIF($F13,"*Unload*"),COUNTIF($D13,"*U*")),"Unloading", IF(AND(COUNTIF($D13,"*L*"),COUNTIFS($I$1:I12,"Loading",$T$1:T12,"x")<ROUNDUP(_xlfn.XLOOKUP("Loaders",'Crew Sheet'!$H:$H,'Crew Sheet'!$L:$L),0)),"Loading", IF(AND(COUNTIF($D13,"*R*"),COUNTIFS($I$1:I12,"Receiving",$T$1:T12,"x")<ROUNDUP(SUM('Crew Sheet'!$L$10:$L$11),0)),"Receiving", IF(AND(COUNTIF($F13,"*Pick*"),COUNTIF($D13,"*P*")),"Picking", IF(AND(COUNTIF($F13,"*Task*"),COUNTIF($D13,"*T*")),"Replen/Pallets/Putaways", IF(COUNTIF($D13,"*T*"),"Replen/Pallets/Putaways","Lead/Extra")))))))) | N13: Pallet Pulls | T13: =IFERROR(VLOOKUP($A13,'Crew Sheet'!$A:$C,2,FALSE),"") -> 1 | U13: =IF($T13<>"x",-999,IF(IFERROR(ISNUMBER(SEARCH("P",$D13)),FALSE),100,0)+IF(IFERROR(ISNUMBER(SEARCH("Pick",$F13)),FALSE),1000,0)+IF($G13="Above Average",100,IF($G13="Average",50,0))) -> -999 | V13: =IF($T13<>"x",-999,IF(IFERROR(ISNUMBER(SEARCH("L",$D13)),FALSE),100,0)+IF(IFERROR(ISNUMBER(SEARCH("Load",$F13)),FALSE),1000,0)+IF($G13="Above Average",100,IF($G13="Average",50,0))) -> -999 | W13: =IF($T13<>"x",-999,IF(IFERROR(ISNUMBER(SEARCH("T",$D13)),FALSE),100,0)+IF(OR(IFERROR(ISNUMBER(SEARCH("Task",$F13)),FALSE),IFERROR(ISNUMBER(SEARCH("Putaway",$F13)),FALSE),IFERROR(ISNUMBER(SEARCH("Replen",$F13)),FALSE),IFERROR(ISNUMBER(SEARCH("Full Pallet",$F13)),FALSE)),1000,0)+IF($G13="Above Average",100,IF($G13="Average",50,0))) -> -999 | X13: =IF($T13<>"x",-999,IF(IFERROR(ISNUMBER(SEARCH("U",$D13)),FALSE),100,0)+IF(IFERROR(ISNUMBER(SEARCH("Unload",$F13)),FALSE),1000,0)+IF($G13="Above Average",100,IF($G13="Average",50,0))) -> -999 | Y13: =IF($T13<>"x",-999,IF(IFERROR(ISNUMBER(SEARCH("R",$D13)),FALSE),100,0)+IF(IFERROR(ISNUMBER(SEARCH("Receiv",$F13)),FALSE),1000,0)+IF($G13="Above Average",100,IF($G13="Average",50,0))) -> -999
A14: Jeremiah A. | B14: 1st | C14: Weekday | D14: P | E14: No | F14: Picking | H14: =IFERROR(VLOOKUP($A14,'Crew Sheet'!#REF!,2,FALSE),"") | I14: =IF($T14<>"x","", IF(TRIM($D14)="P","Picking", IF(AND(COUNTIF($F14,"*Unload*"),COUNTIF($D14,"*U*")),"Unloading", IF(AND(COUNTIF($D14,"*L*"),COUNTIFS($I$1:I13,"Loading",$T$1:T13,"x")<ROUNDUP(_xlfn.XLOOKUP("Loaders",'Crew Sheet'!$H:$H,'Crew Sheet'!$L:$L),0)),"Loading", IF(AND(COUNTIF($D14,"*R*"),COUNTIFS($I$1:I13,"Receiving",$T$1:T13,"x")<ROUNDUP(SUM('Crew Sheet'!$L$10:$L$11),0)),"Receiving", IF(AND(COUNTIF($F14,"*Pick*"),COUNTIF($D14,"*P*")),"Picking", IF(AND(COUNTIF($F14,"*Task*"),COUNTIF($D14,"*T*")),"Replen/Pallets/Putaways", IF(COUNTIF($D14,"*T*"),"Replen/Pallets/Putaways","Lead/Extra")))))))) | N14: Putaways | T14: =IFERROR(VLOOKUP($A14,'Crew Sheet'!$A:$C,2,FALSE),"") -> 1 | U14: =IF($T14<>"x",-999,IF(IFERROR(ISNUMBER(SEARCH("P",$D14)),FALSE),100,0)+IF(IFERROR(ISNUMBER(SEARCH("Pick",$F14)),FALSE),1000,0)+IF($G14="Above Average",100,IF($G14="Average",50,0))) -> -999 | V14: =IF($T14<>"x",-999,IF(IFERROR(ISNUMBER(SEARCH("L",$D14)),FALSE),100,0)+IF(IFERROR(ISNUMBER(SEARCH("Load",$F14)),FALSE),1000,0)+IF($G14="Above Average",100,IF($G14="Average",50,0))) -> -999 | W14: =IF($T14<>"x",-999,IF(IFERROR(ISNUMBER(SEARCH("T",$D14)),FALSE),100,0)+IF(OR(IFERROR(ISNUMBER(SEARCH("Task",$F14)),FALSE),IFERROR(ISNUMBER(SEARCH("Putaway",$F14)),FALSE),IFERROR(ISNUMBER(SEARCH("Replen",$F14)),FALSE),IFERROR(ISNUMBER(SEARCH("Full Pallet",$F14)),FALSE)),1000,0)+IF($G14="Above Average",100,IF($G14="Average",50,0))) -> -999 | X14: =IF($T14<>"x",-999,IF(IFERROR(ISNUMBER(SEARCH("U",$D14)),FALSE),100,0)+IF(IFERROR(ISNUMBER(SEARCH("Unload",$F14)),FALSE),1000,0)+IF($G14="Above Average",100,IF($G14="Average",50,0))) -> -999 | Y14: =IF($T14<>"x",-999,IF(IFERROR(ISNUMBER(SEARCH("R",$D14)),FALSE),100,0)+IF(IFERROR(ISNUMBER(SEARCH("Receiv",$F14)),FALSE),1000,0)+IF($G14="Above Average",100,IF($G14="Average",50,0))) -> -999
A15: Jose R. | B15: 1st | C15: Weekend | D15: P | E15: No | F15: Picking | H15: =IFERROR(VLOOKUP($A15,'Crew Sheet'!#REF!,2,FALSE),"") | I15: =IF($T15<>"x","", IF(TRIM($D15)="P","Picking", IF(AND(COUNTIF($F15,"*Unload*"),COUNTIF($D15,"*U*")),"Unloading", IF(AND(COUNTIF($D15,"*L*"),COUNTIFS($I$1:I14,"Loading",$T$1:T14,"x")<ROUNDUP(_xlfn.XLOOKUP("Loaders",'Crew Sheet'!$H:$H,'Crew Sheet'!$L:$L),0)),"Loading", IF(AND(COUNTIF($D15,"*R*"),COUNTIFS($I$1:I14,"Receiving",$T$1:T14,"x")<ROUNDUP(SUM('Crew Sheet'!$L$10:$L$11),0)),"Receiving", IF(AND(COUNTIF($F15,"*Pick*"),COUNTIF($D15,"*P*")),"Picking", IF(AND(COUNTIF($F15,"*Task*"),COUNTIF($D15,"*T*")),"Replen/Pallets/Putaways", IF(COUNTIF($D15,"*T*"),"Replen/Pallets/Putaways","Lead/Extra")))))))) | T15: =IFERROR(VLOOKUP($A15,'Crew Sheet'!$A:$C,2,FALSE),"") | U15: =IF($T15<>"x",-999,IF(IFERROR(ISNUMBER(SEARCH("P",$D15)),FALSE),100,0)+IF(IFERROR(ISNUMBER(SEARCH("Pick",$F15)),FALSE),1000,0)+IF($G15="Above Average",100,IF($G15="Average",50,0))) -> -999 | V15: =IF($T15<>"x",-999,IF(IFERROR(ISNUMBER(SEARCH("L",$D15)),FALSE),100,0)+IF(IFERROR(ISNUMBER(SEARCH("Load",$F15)),FALSE),1000,0)+IF($G15="Above Average",100,IF($G15="Average",50,0))) -> -999 | W15: =IF($T15<>"x",-999,IF(IFERROR(ISNUMBER(SEARCH("T",$D15)),FALSE),100,0)+IF(OR(IFERROR(ISNUMBER(SEARCH("Task",$F15)),FALSE),IFERROR(ISNUMBER(SEARCH("Putaway",$F15)),FALSE),IFERROR(ISNUMBER(SEARCH("Replen",$F15)),FALSE),IFERROR(ISNUMBER(SEARCH("Full Pallet",$F15)),FALSE)),1000,0)+IF($G15="Above Average",100,IF($G15="Average",50,0))) -> -999 | X15: =IF($T15<>"x",-999,IF(IFERROR(ISNUMBER(SEARCH("U",$D15)),FALSE),100,0)+IF(IFERROR(ISNUMBER(SEARCH("Unload",$F15)),FALSE),1000,0)+IF($G15="Above Average",100,IF($G15="Average",50,0))) -> -999 | Y15: =IF($T15<>"x",-999,IF(IFERROR(ISNUMBER(SEARCH("R",$D15)),FALSE),100,0)+IF(IFERROR(ISNUMBER(SEARCH("Receiv",$F15)),FALSE),1000,0)+IF($G15="Above Average",100,IF($G15="Average",50,0))) -> -999
A16: Michael O. | B16: 1st | C16: Weekend | D16: P | E16: Yes | F16: Picking | H16: =IFERROR(VLOOKUP($A16,'Crew Sheet'!#REF!,2,FALSE),"") | I16: =IF($T16<>"x","", IF(TRIM($D16)="P","Picking", IF(AND(COUNTIF($F16,"*Unload*"),COUNTIF($D16,"*U*")),"Unloading", IF(AND(COUNTIF($D16,"*L*"),COUNTIFS($I$1:I15,"Loading",$T$1:T15,"x")<ROUNDUP(_xlfn.XLOOKUP("Loaders",'Crew Sheet'!$H:$H,'Crew Sheet'!$L:$L),0)),"Loading", IF(AND(COUNTIF($D16,"*R*"),COUNTIFS($I$1:I15,"Receiving",$T$1:T15,"x")<ROUNDUP(SUM('Crew Sheet'!$L$10:$L$11),0)),"Receiving", IF(AND(COUNTIF($F16,"*Pick*"),COUNTIF($D16,"*P*")),"Picking", IF(AND(COUNTIF($F16,"*Task*"),COUNTIF($D16,"*T*")),"Replen/Pallets/Putaways", IF(COUNTIF($D16,"*T*"),"Replen/Pallets/Putaways","Lead/Extra")))))))) | T16: =IFERROR(VLOOKUP($A16,'Crew Sheet'!$A:$C,2,FALSE),"") -> 1 | U16: =IF($T16<>"x",-999,IF(IFERROR(ISNUMBER(SEARCH("P",$D16)),FALSE),100,0)+IF(IFERROR(ISNUMBER(SEARCH("Pick",$F16)),FALSE),1000,0)+IF($G16="Above Average",100,IF($G16="Average",50,0))) -> -999 | V16: =IF($T16<>"x",-999,IF(IFERROR(ISNUMBER(SEARCH("L",$D16)),FALSE),100,0)+IF(IFERROR(ISNUMBER(SEARCH("Load",$F16)),FALSE),1000,0)+IF($G16="Above Average",100,IF($G16="Average",50,0))) -> -999 | W16: =IF($T16<>"x",-999,IF(IFERROR(ISNUMBER(SEARCH("T",$D16)),FALSE),100,0)+IF(OR(IFERROR(ISNUMBER(SEARCH("Task",$F16)),FALSE),IFERROR(ISNUMBER(SEARCH("Putaway",$F16)),FALSE),IFERROR(ISNUMBER(SEARCH("Replen",$F16)),FALSE),IFERROR(ISNUMBER(SEARCH("Full Pallet",$F16)),FALSE)),1000,0)+IF($G16="Above Average",100,IF($G16="Average",50,0))) -> -999 | X16: =IF($T16<>"x",-999,IF(IFERROR(ISNUMBER(SEARCH("U",$D16)),FALSE),100,0)+IF(IFERROR(ISNUMBER(SEARCH("Unload",$F16)),FALSE),1000,0)+IF($G16="Above Average",100,IF($G16="Average",50,0))) -> -999 | Y16: =IF($T16<>"x",-999,IF(IFERROR(ISNUMBER(SEARCH("R",$D16)),FALSE),100,0)+IF(IFERROR(ISNUMBER(SEARCH("Receiv",$F16)),FALSE),1000,0)+IF($G16="Above Average",100,IF($G16="Average",50,0))) -> -999
A17: Oscar A | B17: 1st | C17: Weekend | D17: P | E17: No | F17: Picking | H17: =IFERROR(VLOOKUP($A17,'Crew Sheet'!#REF!,2,FALSE),"") | I17: =IF($T17<>"x","", IF(TRIM($D17)="P","Picking", IF(AND(COUNTIF($F17,"*Unload*"),COUNTIF($D17,"*U*")),"Unloading", IF(AND(COUNTIF($D17,"*L*"),COUNTIFS($I$1:I16,"Loading",$T$1:T16,"x")<ROUNDUP(_xlfn.XLOOKUP("Loaders",'Crew Sheet'!$H:$H,'Crew Sheet'!$L:$L),0)),"Loading", IF(AND(COUNTIF($D17,"*R*"),COUNTIFS($I$1:I16,"Receiving",$T$1:T16,"x")<ROUNDUP(SUM('Crew Sheet'!$L$10:$L$11),0)),"Receiving", IF(AND(COUNTIF($F17,"*Pick*"),COUNTIF($D17,"*P*")),"Picking", IF(AND(COUNTIF($F17,"*Task*"),COUNTIF($D17,"*T*")),"Replen/Pallets/Putaways", IF(COUNTIF($D17,"*T*"),"Replen/Pallets/Putaways","Lead/Extra")))))))) | T17: =IFERROR(VLOOKUP($A17,'Crew Sheet'!$A:$C,2,FALSE),"") -> 1 | U17: =IF($T17<>"x",-999,IF(IFERROR(ISNUMBER(SEARCH("P",$D17)),FALSE),100,0)+IF(IFERROR(ISNUMBER(SEARCH("Pick",$F17)),FALSE),1000,0)+IF($G17="Above Average",100,IF($G17="Average",50,0))) -> -999 | V17: =IF($T17<>"x",-999,IF(IFERROR(ISNUMBER(SEARCH("L",$D17)),FALSE),100,0)+IF(IFERROR(ISNUMBER(SEARCH("Load",$F17)),FALSE),1000,0)+IF($G17="Above Average",100,IF($G17="Average",50,0))) -> -999 | W17: =IF($T17<>"x",-999,IF(IFERROR(ISNUMBER(SEARCH("T",$D17)),FALSE),100,0)+IF(OR(IFERROR(ISNUMBER(SEARCH("Task",$F17)),FALSE),IFERROR(ISNUMBER(SEARCH("Putaway",$F17)),FALSE),IFERROR(ISNUMBER(SEARCH("Replen",$F17)),FALSE),IFERROR(ISNUMBER(SEARCH("Full Pallet",$F17)),FALSE)),1000,0)+IF($G17="Above Average",100,IF($G17="Average",50,0))) -> -999 | X17: =IF($T17<>"x",-999,IF(IFERROR(ISNUMBER(SEARCH("U",$D17)),FALSE),100,0)+IF(IFERROR(ISNUMBER(SEARCH("Unload",$F17)),FALSE),1000,0)+IF($G17="Above Average",100,IF($G17="Average",50,0))) -> -999 | Y17: =IF($T17<>"x",-999,IF(IFERROR(ISNUMBER(SEARCH("R",$D17)),FALSE),100,0)+IF(IFERROR(ISNUMBER(SEARCH("Receiv",$F17)),FALSE),1000,0)+IF($G17="Above Average",100,IF($G17="Average",50,0))) -> -999
A18: Oscar B. | B18: 1st | C18: Weekday | D18: P/T | E18: No | F18: Picking | H18: =IFERROR(VLOOKUP($A18,'Crew Sheet'!#REF!,2,FALSE),"") | I18: =IF($T18<>"x","", IF(TRIM($D18)="P","Picking", IF(AND(COUNTIF($F18,"*Unload*"),COUNTIF($D18,"*U*")),"Unloading", IF(AND(COUNTIF($D18,"*L*"),COUNTIFS($I$1:I17,"Loading",$T$1:T17,"x")<ROUNDUP(_xlfn.XLOOKUP("Loaders",'Crew Sheet'!$H:$H,'Crew Sheet'!$L:$L),0)),"Loading", IF(AND(COUNTIF($D18,"*R*"),COUNTIFS($I$1:I17,"Receiving",$T$1:T17,"x")<ROUNDUP(SUM('Crew Sheet'!$L$10:$L$11),0)),"Receiving", IF(AND(COUNTIF($F18,"*Pick*"),COUNTIF($D18,"*P*")),"Picking", IF(AND(COUNTIF($F18,"*Task*"),COUNTIF($D18,"*T*")),"Replen/Pallets/Putaways", IF(COUNTIF($D18,"*T*"),"Replen/Pallets/Putaways","Lead/Extra")))))))) | T18: =IFERROR(VLOOKUP($A18,'Crew Sheet'!$A:$C,2,FALSE),"") -> 1 | U18: =IF($T18<>"x",-999,IF(IFERROR(ISNUMBER(SEARCH("P",$D18)),FALSE),100,0)+IF(IFERROR(ISNUMBER(SEARCH("Pick",$F18)),FALSE),1000,0)+IF($G18="Above Average",100,IF($G18="Average",50,0))) -> -999 | V18: =IF($T18<>"x",-999,IF(IFERROR(ISNUMBER(SEARCH("L",$D18)),FALSE),100,0)+IF(IFERROR(ISNUMBER(SEARCH("Load",$F18)),FALSE),1000,0)+IF($G18="Above Average",100,IF($G18="Average",50,0))) -> -999 | W18: =IF($T18<>"x",-999,IF(IFERROR(ISNUMBER(SEARCH("T",$D18)),FALSE),100,0)+IF(OR(IFERROR(ISNUMBER(SEARCH("Task",$F18)),FALSE),IFERROR(ISNUMBER(SEARCH("Putaway",$F18)),FALSE),IFERROR(ISNUMBER(SEARCH("Replen",$F18)),FALSE),IFERROR(ISNUMBER(SEARCH("Full Pallet",$F18)),FALSE)),1000,0)+IF($G18="Above Average",100,IF($G18="Average",50,0))) -> -999 | X18: =IF($T18<>"x",-999,IF(IFERROR(ISNUMBER(SEARCH("U",$D18)),FALSE),100,0)+IF(IFERROR(ISNUMBER(SEARCH("Unload",$F18)),FALSE),1000,0)+IF($G18="Above Average",100,IF($G18="Average",50,0))) -> -999 | Y18: =IF($T18<>"x",-999,IF(IFERROR(ISNUMBER(SEARCH("R",$D18)),FALSE),100,0)+IF(IFERROR(ISNUMBER(SEARCH("Receiv",$F18)),FALSE),1000,0)+IF($G18="Above Average",100,IF($G18="Average",50,0))) -> -999
A19: Robert R. | B19: 1st | C19: Weekend | D19: P | E19: Yes | F19: Picking | H19: =IFERROR(VLOOKUP($A19,'Crew Sheet'!#REF!,2,FALSE),"") | I19: =IF($T19<>"x","", IF(TRIM($D19)="P","Picking", IF(AND(COUNTIF($F19,"*Unload*"),COUNTIF($D19,"*U*")),"Unloading", IF(AND(COUNTIF($D19,"*L*"),COUNTIFS($I$1:I18,"Loading",$T$1:T18,"x")<ROUNDUP(_xlfn.XLOOKUP("Loaders",'Crew Sheet'!$H:$H,'Crew Sheet'!$L:$L),0)),"Loading", IF(AND(COUNTIF($D19,"*R*"),COUNTIFS($I$1:I18,"Receiving",$T$1:T18,"x")<ROUNDUP(SUM('Crew Sheet'!$L$10:$L$11),0)),"Receiving", IF(AND(COUNTIF($F19,"*Pick*"),COUNTIF($D19,"*P*")),"Picking", IF(AND(COUNTIF($F19,"*Task*"),COUNTIF($D19,"*T*")),"Replen/Pallets/Putaways", IF(COUNTIF($D19,"*T*"),"Replen/Pallets/Putaways","Lead/Extra")))))))) | T19: =IFERROR(VLOOKUP($A19,'Crew Sheet'!$A:$C,2,FALSE),"") -> 1 | U19: =IF($T19<>"x",-999,IF(IFERROR(ISNUMBER(SEARCH("P",$D19)),FALSE),100,0)+IF(IFERROR(ISNUMBER(SEARCH("Pick",$F19)),FALSE),1000,0)+IF($G19="Above Average",100,IF($G19="Average",50,0))) -> -999 | V19: =IF($T19<>"x",-999,IF(IFERROR(ISNUMBER(SEARCH("L",$D19)),FALSE),100,0)+IF(IFERROR(ISNUMBER(SEARCH("Load",$F19)),FALSE),1000,0)+IF($G19="Above Average",100,IF($G19="Average",50,0))) -> -999 | W19: =IF($T19<>"x",-999,IF(IFERROR(ISNUMBER(SEARCH("T",$D19)),FALSE),100,0)+IF(OR(IFERROR(ISNUMBER(SEARCH("Task",$F19)),FALSE),IFERROR(ISNUMBER(SEARCH("Putaway",$F19)),FALSE),IFERROR(ISNUMBER(SEARCH("Replen",$F19)),FALSE),IFERROR(ISNUMBER(SEARCH("Full Pallet",$F19)),FALSE)),1000,0)+IF($G19="Above Average",100,IF($G19="Average",50,0))) -> -999 | X19: =IF($T19<>"x",-999,IF(IFERROR(ISNUMBER(SEARCH("U",$D19)),FALSE),100,0)+IF(IFERROR(ISNUMBER(SEARCH("Unload",$F19)),FALSE),1000,0)+IF($G19="Above Average",100,IF($G19="Average",50,0))) -> -999 | Y19: =IF($T19<>"x",-999,IF(IFERROR(ISNUMBER(SEARCH("R",$D19)),FALSE),100,0)+IF(IFERROR(ISNUMBER(SEARCH("Receiv",$F19)),FALSE),1000,0)+IF($G19="Above Average",100,IF($G19="Average",50,0))) -> -999
A20: Russell G. | B20: 1st | C20: Weekday | D20: P/T | E20: Yes | F20: Picking | H20: =IFERROR(VLOOKUP($A20,'Crew Sheet'!#REF!,2,FALSE),"") | I20: =IF($T20<>"x","", IF(TRIM($D20)="P","Picking", IF(AND(COUNTIF($F20,"*Unload*"),COUNTIF($D20,"*U*")),"Unloading", IF(AND(COUNTIF($D20,"*L*"),COUNTIFS($I$1:I19,"Loading",$T$1:T19,"x")<ROUNDUP(_xlfn.XLOOKUP("Loaders",'Crew Sheet'!$H:$H,'Crew Sheet'!$L:$L),0)),"Loading", IF(AND(COUNTIF($D20,"*R*"),COUNTIFS($I$1:I19,"Receiving",$T$1:T19,"x")<ROUNDUP(SUM('Crew Sheet'!$L$10:$L$11),0)),"Receiving", IF(AND(COUNTIF($F20,"*Pick*"),COUNTIF($D20,"*P*")),"Picking", IF(AND(COUNTIF($F20,"*Task*"),COUNTIF($D20,"*T*")),"Replen/Pallets/Putaways", IF(COUNTIF($D20,"*T*"),"Replen/Pallets/Putaways","Lead/Extra")))))))) | T20: =IFERROR(VLOOKUP($A20,'Crew Sheet'!$A:$C,2,FALSE),"") -> 1 | U20: =IF($T20<>"x",-999,IF(IFERROR(ISNUMBER(SEARCH("P",$D20)),FALSE),100,0)+IF(IFERROR(ISNUMBER(SEARCH("Pick",$F20)),FALSE),1000,0)+IF($G20="Above Average",100,IF($G20="Average",50,0))) -> -999 | V20: =IF($T20<>"x",-999,IF(IFERROR(ISNUMBER(SEARCH("L",$D20)),FALSE),100,0)+IF(IFERROR(ISNUMBER(SEARCH("Load",$F20)),FALSE),1000,0)+IF($G20="Above Average",100,IF($G20="Average",50,0))) -> -999 | W20: =IF($T20<>"x",-999,IF(IFERROR(ISNUMBER(SEARCH("T",$D20)),FALSE),100,0)+IF(OR(IFERROR(ISNUMBER(SEARCH("Task",$F20)),FALSE),IFERROR(ISNUMBER(SEARCH("Putaway",$F20)),FALSE),IFERROR(ISNUMBER(SEARCH("Replen",$F20)),FALSE),IFERROR(ISNUMBER(SEARCH("Full Pallet",$F20)),FALSE)),1000,0)+IF($G20="Above Average",100,IF($G20="Average",50,0))) -> -999 | X20: =IF($T20<>"x",-999,IF(IFERROR(ISNUMBER(SEARCH("U",$D20)),FALSE),100,0)+IF(IFERROR(ISNUMBER(SEARCH("Unload",$F20)),FALSE),1000,0)+IF($G20="Above Average",100,IF($G20="Average",50,0))) -> -999 | Y20: =IF($T20<>"x",-999,IF(IFERROR(ISNUMBER(SEARCH("R",$D20)),FALSE),100,0)+IF(IFERROR(ISNUMBER(SEARCH("Receiv",$F20)),FALSE),1000,0)+IF($G20="Above Average",100,IF($G20="Average",50,0))) -> -999
A21: Sajaveion W. | B21: 1st | C21: Weekday | D21: P/T | E21: No | F21: Picking | H21: =IFERROR(VLOOKUP($A21,'Crew Sheet'!#REF!,2,FALSE),"") | I21: =IF($T21<>"x","", IF(TRIM($D21)="P","Picking", IF(AND(COUNTIF($F21,"*Unload*"),COUNTIF($D21,"*U*")),"Unloading", IF(AND(COUNTIF($D21,"*L*"),COUNTIFS($I$1:I20,"Loading",$T$1:T20,"x")<ROUNDUP(_xlfn.XLOOKUP("Loaders",'Crew Sheet'!$H:$H,'Crew Sheet'!$L:$L),0)),"Loading", IF(AND(COUNTIF($D21,"*R*"),COUNTIFS($I$1:I20,"Receiving",$T$1:T20,"x")<ROUNDUP(SUM('Crew Sheet'!$L$10:$L$11),0)),"Receiving", IF(AND(COUNTIF($F21,"*Pick*"),COUNTIF($D21,"*P*")),"Picking", IF(AND(COUNTIF($F21,"*Task*"),COUNTIF($D21,"*T*")),"Replen/Pallets/Putaways", IF(COUNTIF($D21,"*T*"),"Replen/Pallets/Putaways","Lead/Extra")))))))) | T21: =IFERROR(VLOOKUP($A21,'Crew Sheet'!$A:$C,2,FALSE),"") -> 1 | U21: =IF($T21<>"x",-999,IF(IFERROR(ISNUMBER(SEARCH("P",$D21)),FALSE),100,0)+IF(IFERROR(ISNUMBER(SEARCH("Pick",$F21)),FALSE),1000,0)+IF($G21="Above Average",100,IF($G21="Average",50,0))) -> -999 | V21: =IF($T21<>"x",-999,IF(IFERROR(ISNUMBER(SEARCH("L",$D21)),FALSE),100,0)+IF(IFERROR(ISNUMBER(SEARCH("Load",$F21)),FALSE),1000,0)+IF($G21="Above Average",100,IF($G21="Average",50,0))) -> -999 | W21: =IF($T21<>"x",-999,IF(IFERROR(ISNUMBER(SEARCH("T",$D21)),FALSE),100,0)+IF(OR(IFERROR(ISNUMBER(SEARCH("Task",$F21)),FALSE),IFERROR(ISNUMBER(SEARCH("Putaway",$F21)),FALSE),IFERROR(ISNUMBER(SEARCH("Replen",$F21)),FALSE),IFERROR(ISNUMBER(SEARCH("Full Pallet",$F21)),FALSE)),1000,0)+IF($G21="Above Average",100,IF($G21="Average",50,0))) -> -999 | X21: =IF($T21<>"x",-999,IF(IFERROR(ISNUMBER(SEARCH("U",$D21)),FALSE),100,0)+IF(IFERROR(ISNUMBER(SEARCH("Unload",$F21)),FALSE),1000,0)+IF($G21="Above Average",100,IF($G21="Average",50,0))) -> -999 | Y21: =IF($T21<>"x",-999,IF(IFERROR(ISNUMBER(SEARCH("R",$D21)),FALSE),100,0)+IF(IFERROR(ISNUMBER(SEARCH("Receiv",$F21)),FALSE),1000,0)+IF($G21="Above Average",100,IF($G21="Average",50,0))) -> -999
A22: Shane N. | B22: 1st | C22: Weekend | D22: P | E22: No | F22: Picking | H22: =IFERROR(VLOOKUP($A22,'Crew Sheet'!#REF!,2,FALSE),"") | I22: =IF($T22<>"x","", IF(TRIM($D22)="P","Picking", IF(AND(COUNTIF($F22,"*Unload*"),COUNTIF($D22,"*U*")),"Unloading", IF(AND(COUNTIF($D22,"*L*"),COUNTIFS($I$1:I21,"Loading",$T$1:T21,"x")<ROUNDUP(_xlfn.XLOOKUP("Loaders",'Crew Sheet'!$H:$H,'Crew Sheet'!$L:$L),0)),"Loading", IF(AND(COUNTIF($D22,"*R*"),COUNTIFS($I$1:I21,"Receiving",$T$1:T21,"x")<ROUNDUP(SUM('Crew Sheet'!$L$10:$L$11),0)),"Receiving", IF(AND(COUNTIF($F22,"*Pick*"),COUNTIF($D22,"*P*")),"Picking", IF(AND(COUNTIF($F22,"*Task*"),COUNTIF($D22,"*T*")),"Replen/Pallets/Putaways", IF(COUNTIF($D22,"*T*"),"Replen/Pallets/Putaways","Lead/Extra")))))))) | T22: =IFERROR(VLOOKUP($A22,'Crew Sheet'!$A:$C,2,FALSE),"") -> 1 | U22: =IF($T22<>"x",-999,IF(IFERROR(ISNUMBER(SEARCH("P",$D22)),FALSE),100,0)+IF(IFERROR(ISNUMBER(SEARCH("Pick",$F22)),FALSE),1000,0)+IF($G22="Above Average",100,IF($G22="Average",50,0))) -> -999 | V22: =IF($T22<>"x",-999,IF(IFERROR(ISNUMBER(SEARCH("L",$D22)),FALSE),100,0)+IF(IFERROR(ISNUMBER(SEARCH("Load",$F22)),FALSE),1000,0)+IF($G22="Above Average",100,IF($G22="Average",50,0))) -> -999 | W22: =IF($T22<>"x",-999,IF(IFERROR(ISNUMBER(SEARCH("T",$D22)),FALSE),100,0)+IF(OR(IFERROR(ISNUMBER(SEARCH("Task",$F22)),FALSE),IFERROR(ISNUMBER(SEARCH("Putaway",$F22)),FALSE),IFERROR(ISNUMBER(SEARCH("Replen",$F22)),FALSE),IFERROR(ISNUMBER(SEARCH("Full Pallet",$F22)),FALSE)),1000,0)+IF($G22="Above Average",100,IF($G22="Average",50,0))) -> -999 | X22: =IF($T22<>"x",-999,IF(IFERROR(ISNUMBER(SEARCH("U",$D22)),FALSE),100,0)+IF(IFERROR(ISNUMBER(SEARCH("Unload",$F22)),FALSE),1000,0)+IF($G22="Above Average",100,IF($G22="Average",50,0))) -> -999 | Y22: =IF($T22<>"x",-999,IF(IFERROR(ISNUMBER(SEARCH("R",$D22)),FALSE),100,0)+IF(IFERROR(ISNUMBER(SEARCH("Receiv",$F22)),FALSE),1000,0)+IF($G22="Above Average",100,IF($G22="Average",50,0))) -> -999
A23: Von N. | B23: 1st | C23: Weekend | D23: P | E23: No | F23: Picking | H23: =IFERROR(VLOOKUP($A23,'Crew Sheet'!#REF!,2,FALSE),"") | I23: =IF($T23<>"x","", IF(TRIM($D23)="P","Picking", IF(AND(COUNTIF($F23,"*Unload*"),COUNTIF($D23,"*U*")),"Unloading", IF(AND(COUNTIF($D23,"*L*"),COUNTIFS($I$1:I22,"Loading",$T$1:T22,"x")<ROUNDUP(_xlfn.XLOOKUP("Loaders",'Crew Sheet'!$H:$H,'Crew Sheet'!$L:$L),0)),"Loading", IF(AND(COUNTIF($D23,"*R*"),COUNTIFS($I$1:I22,"Receiving",$T$1:T22,"x")<ROUNDUP(SUM('Crew Sheet'!$L$10:$L$11),0)),"Receiving", IF(AND(COUNTIF($F23,"*Pick*"),COUNTIF($D23,"*P*")),"Picking", IF(AND(COUNTIF($F23,"*Task*"),COUNTIF($D23,"*T*")),"Replen/Pallets/Putaways", IF(COUNTIF($D23,"*T*"),"Replen/Pallets/Putaways","Lead/Extra")))))))) | T23: =IFERROR(VLOOKUP($A23,'Crew Sheet'!$A:$C,2,FALSE),"") -> 1 | U23: =IF($T23<>"x",-999,IF(IFERROR(ISNUMBER(SEARCH("P",$D23)),FALSE),100,0)+IF(IFERROR(ISNUMBER(SEARCH("Pick",$F23)),FALSE),1000,0)+IF($G23="Above Average",100,IF($G23="Average",50,0))) -> -999 | V23: =IF($T23<>"x",-999,IF(IFERROR(ISNUMBER(SEARCH("L",$D23)),FALSE),100,0)+IF(IFERROR(ISNUMBER(SEARCH("Load",$F23)),FALSE),1000,0)+IF($G23="Above Average",100,IF($G23="Average",50,0))) -> -999 | W23: =IF($T23<>"x",-999,IF(IFERROR(ISNUMBER(SEARCH("T",$D23)),FALSE),100,0)+IF(OR(IFERROR(ISNUMBER(SEARCH("Task",$F23)),FALSE),IFERROR(ISNUMBER(SEARCH("Putaway",$F23)),FALSE),IFERROR(ISNUMBER(SEARCH("Replen",$F23)),FALSE),IFERROR(ISNUMBER(SEARCH("Full Pallet",$F23)),FALSE)),1000,0)+IF($G23="Above Average",100,IF($G23="Average",50,0))) -> -999 | X23: =IF($T23<>"x",-999,IF(IFERROR(ISNUMBER(SEARCH("U",$D23)),FALSE),100,0)+IF(IFERROR(ISNUMBER(SEARCH("Unload",$F23)),FALSE),1000,0)+IF($G23="Above Average",100,IF($G23="Average",50,0))) -> -999 | Y23: =IF($T23<>"x",-999,IF(IFERROR(ISNUMBER(SEARCH("R",$D23)),FALSE),100,0)+IF(IFERROR(ISNUMBER(SEARCH("Receiv",$F23)),FALSE),1000,0)+IF($G23="Above Average",100,IF($G23="Average",50,0))) -> -999
A24: Dale Ferguson | B24: 1st | C24: Weekday | D24: R | E24: Yes | F24: Receiving | H24: =IFERROR(VLOOKUP($A24,'Crew Sheet'!#REF!,2,FALSE),"") | I24: =IF($T24<>"x","", IF(TRIM($D24)="P","Picking", IF(AND(COUNTIF($F24,"*Unload*"),COUNTIF($D24,"*U*")),"Unloading", IF(AND(COUNTIF($D24,"*L*"),COUNTIFS($I$1:I23,"Loading",$T$1:T23,"x")<ROUNDUP(_xlfn.XLOOKUP("Loaders",'Crew Sheet'!$H:$H,'Crew Sheet'!$L:$L),0)),"Loading", IF(AND(COUNTIF($D24,"*R*"),COUNTIFS($I$1:I23,"Receiving",$T$1:T23,"x")<ROUNDUP(SUM('Crew Sheet'!$L$10:$L$11),0)),"Receiving", IF(AND(COUNTIF($F24,"*Pick*"),COUNTIF($D24,"*P*")),"Picking", IF(AND(COUNTIF($F24,"*Task*"),COUNTIF($D24,"*T*")),"Replen/Pallets/Putaways", IF(COUNTIF($D24,"*T*"),"Replen/Pallets/Putaways","Lead/Extra")))))))) | T24: =IFERROR(VLOOKUP($A24,'Crew Sheet'!$A:$C,2,FALSE),"") -> 1 | U24: =IF($T24<>"x",-999,IF(IFERROR(ISNUMBER(SEARCH("P",$D24)),FALSE),100,0)+IF(IFERROR(ISNUMBER(SEARCH("Pick",$F24)),FALSE),1000,0)+IF($G24="Above Average",100,IF($G24="Average",50,0))) -> -999 | V24: =IF($T24<>"x",-999,IF(IFERROR(ISNUMBER(SEARCH("L",$D24)),FALSE),100,0)+IF(IFERROR(ISNUMBER(SEARCH("Load",$F24)),FALSE),1000,0)+IF($G24="Above Average",100,IF($G24="Average",50,0))) -> -999 | W24: =IF($T24<>"x",-999,IF(IFERROR(ISNUMBER(SEARCH("T",$D24)),FALSE),100,0)+IF(OR(IFERROR(ISNUMBER(SEARCH("Task",$F24)),FALSE),IFERROR(ISNUMBER(SEARCH("Putaway",$F24)),FALSE),IFERROR(ISNUMBER(SEARCH("Replen",$F24)),FALSE),IFERROR(ISNUMBER(SEARCH("Full Pallet",$F24)),FALSE)),1000,0)+IF($G24="Above Average",100,IF($G24="Average",50,0))) -> -999 | X24: =IF($T24<>"x",-999,IF(IFERROR(ISNUMBER(SEARCH("U",$D24)),FALSE),100,0)+IF(IFERROR(ISNUMBER(SEARCH("Unload",$F24)),FALSE),1000,0)+IF($G24="Above Average",100,IF($G24="Average",50,0))) -> -999 | Y24: =IF($T24<>"x",-999,IF(IFERROR(ISNUMBER(SEARCH("R",$D24)),FALSE),100,0)+IF(IFERROR(ISNUMBER(SEARCH("Receiv",$F24)),FALSE),1000,0)+IF($G24="Above Average",100,IF($G24="Average",50,0))) -> -999
A25: Dale Hrenchir | B25: 1st | C25: Weekday | D25: T/R | E25: Yes | F25: Receiving | H25: =IFERROR(VLOOKUP($A25,'Crew Sheet'!#REF!,2,FALSE),"") | I25: =IF($T25<>"x","", IF(TRIM($D25)="P","Picking", IF(AND(COUNTIF($F25,"*Unload*"),COUNTIF($D25,"*U*")),"Unloading", IF(AND(COUNTIF($D25,"*L*"),COUNTIFS($I$1:I24,"Loading",$T$1:T24,"x")<ROUNDUP(_xlfn.XLOOKUP("Loaders",'Crew Sheet'!$H:$H,'Crew Sheet'!$L:$L),0)),"Loading", IF(AND(COUNTIF($D25,"*R*"),COUNTIFS($I$1:I24,"Receiving",$T$1:T24,"x")<ROUNDUP(SUM('Crew Sheet'!$L$10:$L$11),0)),"Receiving", IF(AND(COUNTIF($F25,"*Pick*"),COUNTIF($D25,"*P*")),"Picking", IF(AND(COUNTIF($F25,"*Task*"),COUNTIF($D25,"*T*")),"Replen/Pallets/Putaways", IF(COUNTIF($D25,"*T*"),"Replen/Pallets/Putaways","Lead/Extra")))))))) | T25: =IFERROR(VLOOKUP($A25,'Crew Sheet'!$A:$C,2,FALSE),"") -> 1 | U25: =IF($T25<>"x",-999,IF(IFERROR(ISNUMBER(SEARCH("P",$D25)),FALSE),100,0)+IF(IFERROR(ISNUMBER(SEARCH("Pick",$F25)),FALSE),1000,0)+IF($G25="Above Average",100,IF($G25="Average",50,0))) -> -999 | V25: =IF($T25<>"x",-999,IF(IFERROR(ISNUMBER(SEARCH("L",$D25)),FALSE),100,0)+IF(IFERROR(ISNUMBER(SEARCH("Load",$F25)),FALSE),1000,0)+IF($G25="Above Average",100,IF($G25="Average",50,0))) -> -999 | W25: =IF($T25<>"x",-999,IF(IFERROR(ISNUMBER(SEARCH("T",$D25)),FALSE),100,0)+IF(OR(IFERROR(ISNUMBER(SEARCH("Task",$F25)),FALSE),IFERROR(ISNUMBER(SEARCH("Putaway",$F25)),FALSE),IFERROR(ISNUMBER(SEARCH("Replen",$F25)),FALSE),IFERROR(ISNUMBER(SEARCH("Full Pallet",$F25)),FALSE)),1000,0)+IF($G25="Above Average",100,IF($G25="Average",50,0))) -> -999 | X25: =IF($T25<>"x",-999,IF(IFERROR(ISNUMBER(SEARCH("U",$D25)),FALSE),100,0)+IF(IFERROR(ISNUMBER(SEARCH("Unload",$F25)),FALSE),1000,0)+IF($G25="Above Average",100,IF($G25="Average",50,0))) -> -999 | Y25: =IF($T25<>"x",-999,IF(IFERROR(ISNUMBER(SEARCH("R",$D25)),FALSE),100,0)+IF(IFERROR(ISNUMBER(SEARCH("Receiv",$F25)),FALSE),1000,0)+IF($G25="Above Average",100,IF($G25="Average",50,0))) -> -999
A26: Reggie | B26: 1st | C26: Weekend | D26: T/R | E26: Yes | F26: Receiving | H26: =IFERROR(VLOOKUP($A26,'Crew Sheet'!#REF!,2,FALSE),"") | I26: =IF($T26<>"x","", IF(TRIM($D26)="P","Picking", IF(AND(COUNTIF($F26,"*Unload*"),COUNTIF($D26,"*U*")),"Unloading", IF(AND(COUNTIF($D26,"*L*"),COUNTIFS($I$1:I25,"Loading",$T$1:T25,"x")<ROUNDUP(_xlfn.XLOOKUP("Loaders",'Crew Sheet'!$H:$H,'Crew Sheet'!$L:$L),0)),"Loading", IF(AND(COUNTIF($D26,"*R*"),COUNTIFS($I$1:I25,"Receiving",$T$1:T25,"x")<ROUNDUP(SUM('Crew Sheet'!$L$10:$L$11),0)),"Receiving", IF(AND(COUNTIF($F26,"*Pick*"),COUNTIF($D26,"*P*")),"Picking", IF(AND(COUNTIF($F26,"*Task*"),COUNTIF($D26,"*T*")),"Replen/Pallets/Putaways", IF(COUNTIF($D26,"*T*"),"Replen/Pallets/Putaways","Lead/Extra")))))))) | T26: =IFERROR(VLOOKUP($A26,'Crew Sheet'!$A:$C,2,FALSE),"") -> 1 | U26: =IF($T26<>"x",-999,IF(IFERROR(ISNUMBER(SEARCH("P",$D26)),FALSE),100,0)+IF(IFERROR(ISNUMBER(SEARCH("Pick",$F26)),FALSE),1000,0)+IF($G26="Above Average",100,IF($G26="Average",50,0))) -> -999 | V26: =IF($T26<>"x",-999,IF(IFERROR(ISNUMBER(SEARCH("L",$D26)),FALSE),100,0)+IF(IFERROR(ISNUMBER(SEARCH("Load",$F26)),FALSE),1000,0)+IF($G26="Above Average",100,IF($G26="Average",50,0))) -> -999 | W26: =IF($T26<>"x",-999,IF(IFERROR(ISNUMBER(SEARCH("T",$D26)),FALSE),100,0)+IF(OR(IFERROR(ISNUMBER(SEARCH("Task",$F26)),FALSE),IFERROR(ISNUMBER(SEARCH("Putaway",$F26)),FALSE),IFERROR(ISNUMBER(SEARCH("Replen",$F26)),FALSE),IFERROR(ISNUMBER(SEARCH("Full Pallet",$F26)),FALSE)),1000,0)+IF($G26="Above Average",100,IF($G26="Average",50,0))) -> -999 | X26: =IF($T26<>"x",-999,IF(IFERROR(ISNUMBER(SEARCH("U",$D26)),FALSE),100,0)+IF(IFERROR(ISNUMBER(SEARCH("Unload",$F26)),FALSE),1000,0)+IF($G26="Above Average",100,IF($G26="Average",50,0))) -> -999 | Y26: =IF($T26<>"x",-999,IF(IFERROR(ISNUMBER(SEARCH("R",$D26)),FALSE),100,0)+IF(IFERROR(ISNUMBER(SEARCH("Receiv",$F26)),FALSE),1000,0)+IF($G26="Above Average",100,IF($G26="Average",50,0))) -> -999
... A42: Isiah S. | B42: 1st | C42: Weekday | D42: U | E42: No | F42: Unloading | H42: =IFERROR(VLOOKUP($A42,'Crew Sheet'!#REF!,2,FALSE),"") | I42: =IF($T42<>"x","", IF(TRIM($D42)="P","Picking", IF(AND(COUNTIF($F42,"*Unload*"),COUNTIF($D42,"*U*")),"Unloading", IF(AND(COUNTIF($D42,"*L*"),COUNTIFS($I$1:I41,"Loading",$T$1:T41,"x")<ROUNDUP(_xlfn.XLOOKUP("Loaders",'Crew Sheet'!$H:$H,'Crew Sheet'!$L:$L),0)),"Loading", IF(AND(COUNTIF($D42,"*R*"),COUNTIFS($I$1:I41,"Receiving",$T$1:T41,"x")<ROUNDUP(SUM('Crew Sheet'!$L$10:$L$11),0)),"Receiving", IF(AND(COUNTIF($F42,"*Pick*"),COUNTIF($D42,"*P*")),"Picking", IF(AND(COUNTIF($F42,"*Task*"),COUNTIF($D42,"*T*")),"Replen/Pallets/Putaways", IF(COUNTIF($D42,"*T*"),"Replen/Pallets/Putaways","Lead/Extra")))))))) | T42: =IFERROR(VLOOKUP($A42,'Crew Sheet'!$A:$C,2,FALSE),"") -> 1 | U42: =IF($T42<>"x",-999,IF(IFERROR(ISNUMBER(SEARCH("P",$D42)),FALSE),100,0)+IF(IFERROR(ISNUMBER(SEARCH("Pick",$F42)),FALSE),1000,0)+IF($G42="Above Average",100,IF($G42="Average",50,0))) -> -999 | V42: =IF($T42<>"x",-999,IF(IFERROR(ISNUMBER(SEARCH("L",$D42)),FALSE),100,0)+IF(IFERROR(ISNUMBER(SEARCH("Load",$F42)),FALSE),1000,0)+IF($G42="Above Average",100,IF($G42="Average",50,0))) -> -999 | W42: =IF($T42<>"x",-999,IF(IFERROR(ISNUMBER(SEARCH("T",$D42)),FALSE),100,0)+IF(OR(IFERROR(ISNUMBER(SEARCH("Task",$F42)),FALSE),IFERROR(ISNUMBER(SEARCH("Putaway",$F42)),FALSE),IFERROR(ISNUMBER(SEARCH("Replen",$F42)),FALSE),IFERROR(ISNUMBER(SEARCH("Full Pallet",$F42)),FALSE)),1000,0)+IF($G42="Above Average",100,IF($G42="Average",50,0))) -> -999 | X42: =IF($T42<>"x",-999,IF(IFERROR(ISNUMBER(SEARCH("U",$D42)),FALSE),100,0)+IF(IFERROR(ISNUMBER(SEARCH("Unload",$F42)),FALSE),1000,0)+IF($G42="Above Average",100,IF($G42="Average",50,0))) -> -999 | Y42: =IF($T42<>"x",-999,IF(IFERROR(ISNUMBER(SEARCH("R",$D42)),FALSE),100,0)+IF(IFERROR(ISNUMBER(SEARCH("Receiv",$F42)),FALSE),1000,0)+IF($G42="Above Average",100,IF($G42="Average",50,0))) -> -999
A43: Antonio D. | B43: 1st | C43: Weekend | D43: P/T/L | E43: Yes | H43: =IFERROR(VLOOKUP($A43,'Crew Sheet'!#REF!,2,FALSE),"") | I43: =IF($T43<>"x","", IF(TRIM($D43)="P","Picking", IF(AND(COUNTIF($F43,"*Unload*"),COUNTIF($D43,"*U*")),"Unloading", IF(AND(COUNTIF($D43,"*L*"),COUNTIFS($I$1:I42,"Loading",$T$1:T42,"x")<ROUNDUP(_xlfn.XLOOKUP("Loaders",'Crew Sheet'!$H:$H,'Crew Sheet'!$L:$L),0)),"Loading", IF(AND(COUNTIF($D43,"*R*"),COUNTIFS($I$1:I42,"Receiving",$T$1:T42,"x")<ROUNDUP(SUM('Crew Sheet'!$L$10:$L$11),0)),"Receiving", IF(AND(COUNTIF($F43,"*Pick*"),COUNTIF($D43,"*P*")),"Picking", IF(AND(COUNTIF($F43,"*Task*"),COUNTIF($D43,"*T*")),"Replen/Pallets/Putaways", IF(COUNTIF($D43,"*T*"),"Replen/Pallets/Putaways","Lead/Extra")))))))) | T43: =IFERROR(VLOOKUP($A43,'Crew Sheet'!$A:$C,2,FALSE),"") -> 1 | U43: =IF($T43<>"x",-999,IF(IFERROR(ISNUMBER(SEARCH("P",$D43)),FALSE),100,0)+IF(IFERROR(ISNUMBER(SEARCH("Pick",$F43)),FALSE),1000,0)+IF($G43="Above Average",100,IF($G43="Average",50,0))) -> -999 | V43: =IF($T43<>"x",-999,IF(IFERROR(ISNUMBER(SEARCH("L",$D43)),FALSE),100,0)+IF(IFERROR(ISNUMBER(SEARCH("Load",$F43)),FALSE),1000,0)+IF($G43="Above Average",100,IF($G43="Average",50,0))) -> -999 | W43: =IF($T43<>"x",-999,IF(IFERROR(ISNUMBER(SEARCH("T",$D43)),FALSE),100,0)+IF(OR(IFERROR(ISNUMBER(SEARCH("Task",$F43)),FALSE),IFERROR(ISNUMBER(SEARCH("Putaway",$F43)),FALSE),IFERROR(ISNUMBER(SEARCH("Replen",$F43)),FALSE),IFERROR(ISNUMBER(SEARCH("Full Pallet",$F43)),FALSE)),1000,0)+IF($G43="Above Average",100,IF($G43="Average",50,0))) -> -999 | X43: =IF($T43<>"x",-999,IF(IFERROR(ISNUMBER(SEARCH("U",$D43)),FALSE),100,0)+IF(IFERROR(ISNUMBER(SEARCH("Unload",$F43)),FALSE),1000,0)+IF($G43="Above Average",100,IF($G43="Average",50,0))) -> -999 | Y43: =IF($T43<>"x",-999,IF(IFERROR(ISNUMBER(SEARCH("R",$D43)),FALSE),100,0)+IF(IFERROR(ISNUMBER(SEARCH("Receiv",$F43)),FALSE),1000,0)+IF($G43="Above Average",100,IF($G43="Average",50,0))) -> -999
A44: Will Perkins. | B44: 1st | C44: Weekday | D44: P/T/L | E44: Yes | H44: =IFERROR(VLOOKUP($A44,'Crew Sheet'!#REF!,2,FALSE),"") | I44: =IF($T44<>"x","", IF(TRIM($D44)="P","Picking", IF(AND(COUNTIF($F44,"*Unload*"),COUNTIF($D44,"*U*")),"Unloading", IF(AND(COUNTIF($D44,"*L*"),COUNTIFS($I$1:I43,"Loading",$T$1:T43,"x")<ROUNDUP(_xlfn.XLOOKUP("Loaders",'Crew Sheet'!$H:$H,'Crew Sheet'!$L:$L),0)),"Loading", IF(AND(COUNTIF($D44,"*R*"),COUNTIFS($I$1:I43,"Receiving",$T$1:T43,"x")<ROUNDUP(SUM('Crew Sheet'!$L$10:$L$11),0)),"Receiving", IF(AND(COUNTIF($F44,"*Pick*"),COUNTIF($D44,"*P*")),"Picking", IF(AND(COUNTIF($F44,"*Task*"),COUNTIF($D44,"*T*")),"Replen/Pallets/Putaways", IF(COUNTIF($D44,"*T*"),"Replen/Pallets/Putaways","Lead/Extra")))))))) | T44: =IFERROR(VLOOKUP($A44,'Crew Sheet'!$A:$C,2,FALSE),"") -> 1 | U44: =IF($T44<>"x",-999,IF(IFERROR(ISNUMBER(SEARCH("P",$D44)),FALSE),100,0)+IF(IFERROR(ISNUMBER(SEARCH("Pick",$F44)),FALSE),1000,0)+IF($G44="Above Average",100,IF($G44="Average",50,0))) -> -999 | V44: =IF($T44<>"x",-999,IF(IFERROR(ISNUMBER(SEARCH("L",$D44)),FALSE),100,0)+IF(IFERROR(ISNUMBER(SEARCH("Load",$F44)),FALSE),1000,0)+IF($G44="Above Average",100,IF($G44="Average",50,0))) -> -999 | W44: =IF($T44<>"x",-999,IF(IFERROR(ISNUMBER(SEARCH("T",$D44)),FALSE),100,0)+IF(OR(IFERROR(ISNUMBER(SEARCH("Task",$F44)),FALSE),IFERROR(ISNUMBER(SEARCH("Putaway",$F44)),FALSE),IFERROR(ISNUMBER(SEARCH("Replen",$F44)),FALSE),IFERROR(ISNUMBER(SEARCH("Full Pallet",$F44)),FALSE)),1000,0)+IF($G44="Above Average",100,IF($G44="Average",50,0))) -> -999 | X44: =IF($T44<>"x",-999,IF(IFERROR(ISNUMBER(SEARCH("U",$D44)),FALSE),100,0)+IF(IFERROR(ISNUMBER(SEARCH("Unload",$F44)),FALSE),1000,0)+IF($G44="Above Average",100,IF($G44="Average",50,0))) -> -999 | Y44: =IF($T44<>"x",-999,IF(IFERROR(ISNUMBER(SEARCH("R",$D44)),FALSE),100,0)+IF(IFERROR(ISNUMBER(SEARCH("Receiv",$F44)),FALSE),1000,0)+IF($G44="Above Average",100,IF($G44="Average",50,0))) -> -999
A45: Ray P. | D45: P/T | E45: No | F45: Tasking | H45: =IFERROR(VLOOKUP($A45,'Crew Sheet'!#REF!,2,FALSE),"") | I45: =IF($T45<>"x","", IF(TRIM($D45)="P","Picking", IF(AND(COUNTIF($F45,"*Unload*"),COUNTIF($D45,"*U*")),"Unloading", IF(AND(COUNTIF($D45,"*L*"),COUNTIFS($I$1:I44,"Loading",$T$1:T44,"x")<ROUNDUP(_xlfn.XLOOKUP("Loaders",'Crew Sheet'!$H:$H,'Crew Sheet'!$L:$L),0)),"Loading", IF(AND(COUNTIF($D45,"*R*"),COUNTIFS($I$1:I44,"Receiving",$T$1:T44,"x")<ROUNDUP(SUM('Crew Sheet'!$L$10:$L$11),0)),"Receiving", IF(AND(COUNTIF($F45,"*Pick*"),COUNTIF($D45,"*P*")),"Picking", IF(AND(COUNTIF($F45,"*Task*"),COUNTIF($D45,"*T*")),"Replen/Pallets/Putaways", IF(COUNTIF($D45,"*T*"),"Replen/Pallets/Putaways","Lead/Extra")))))))) | T45: =IFERROR(VLOOKUP($A45,'Crew Sheet'!#REF!,2,FALSE),"") | U45: =IF($T45<>"x",-999,IF(ISNUMBER(SEARCH("P",$D45)),100,0)+IF(OR($F45="Picking",$F45="Picker"),500,0)+IF($G45="Above Average",1000,IF($G45="Average",100,0))) -> -999 | V45: =IF($T45<>"x",-999,IF(IFERROR(ISNUMBER(SEARCH("L",$D45)),FALSE),100,0)+IF(IFERROR(ISNUMBER(SEARCH("Load",$F45)),FALSE),1000,0)+IF($G45="Above Average",100,IF($G45="Average",50,0))) -> -999 | W45: =IF($T45<>"x",-999,IF(ISNUMBER(SEARCH("T",$D45)),100,0)+IF(OR($F45="Tasking",$F45="Tasker",$F45="Putaway",$F45="Putaways",$F45="Replenishment",$F45="Full Pallet Puller"),500,0)+IF($G45="Above Average",1000,IF($G45="Average",100,0))) -> -999 | X45: =IF($T45<>"x",-999,IF(IFERROR(ISNUMBER(SEARCH("U",$D45)),FALSE),100,0)+IF(IFERROR(ISNUMBER(SEARCH("Unload",$F45)),FALSE),1000,0)+IF($G45="Above Average",100,IF($G45="Average",50,0))) -> -999
A46: Walter W. | D46: U | E46: Yes | F46: Unloading | H46: =IFERROR(VLOOKUP($A46,'Crew Sheet'!#REF!,2,FALSE),"") | I46: =IF($T46<>"x","", IF(TRIM($D46)="P","Picking", IF(AND(COUNTIF($F46,"*Unload*"),COUNTIF($D46,"*U*")),"Unloading", IF(AND(COUNTIF($D46,"*L*"),COUNTIFS($I$1:I45,"Loading",$T$1:T45,"x")<ROUNDUP(_xlfn.XLOOKUP("Loaders",'Crew Sheet'!$H:$H,'Crew Sheet'!$L:$L),0)),"Loading", IF(AND(COUNTIF($D46,"*R*"),COUNTIFS($I$1:I45,"Receiving",$T$1:T45,"x")<ROUNDUP(SUM('Crew Sheet'!$L$10:$L$11),0)),"Receiving", IF(AND(COUNTIF($F46,"*Pick*"),COUNTIF($D46,"*P*")),"Picking", IF(AND(COUNTIF($F46,"*Task*"),COUNTIF($D46,"*T*")),"Replen/Pallets/Putaways", IF(COUNTIF($D46,"*T*"),"Replen/Pallets/Putaways","Lead/Extra")))))))) | T46: =IFERROR(VLOOKUP($A46,'Crew Sheet'!#REF!,2,FALSE),"") | U46: =IF($T46<>"x",-999,IF(ISNUMBER(SEARCH("P",$D46)),100,0)+IF(OR($F46="Picking",$F46="Picker"),500,0)+IF($G46="Above Average",1000,IF($G46="Average",100,0))) -> -999 | V46: =IF($T46<>"x",-999,IF(IFERROR(ISNUMBER(SEARCH("L",$D46)),FALSE),100,0)+IF(IFERROR(ISNUMBER(SEARCH("Load",$F46)),FALSE),1000,0)+IF($G46="Above Average",100,IF($G46="Average",50,0))) -> -999 | W46: =IF($T46<>"x",-999,IF(ISNUMBER(SEARCH("T",$D46)),100,0)+IF(OR($F46="Tasking",$F46="Tasker",$F46="Putaway",$F46="Putaways",$F46="Replenishment",$F46="Full Pallet Puller"),500,0)+IF($G46="Above Average",1000,IF($G46="Average",100,0))) -> -999 | X46: =IF($T46<>"x",-999,IF(IFERROR(ISNUMBER(SEARCH("U",$D46)),FALSE),100,0)+IF(IFERROR(ISNUMBER(SEARCH("Unload",$F46)),FALSE),1000,0)+IF($G46="Above Average",100,IF($G46="Average",50,0))) -> -999
A47: Cristopher R. | D47: P | E47: No | F47: Picking | H47: =IFERROR(VLOOKUP($A47,'Crew Sheet'!#REF!,2,FALSE),"") | I47: =IF($T47<>"x","", IF(TRIM($D47)="P","Picking", IF(AND(COUNTIF($F47,"*Unload*"),COUNTIF($D47,"*U*")),"Unloading", IF(AND(COUNTIF($D47,"*L*"),COUNTIFS($I$1:I46,"Loading",$T$1:T46,"x")<ROUNDUP(_xlfn.XLOOKUP("Loaders",'Crew Sheet'!$H:$H,'Crew Sheet'!$L:$L),0)),"Loading", IF(AND(COUNTIF($D47,"*R*"),COUNTIFS($I$1:I46,"Receiving",$T$1:T46,"x")<ROUNDUP(SUM('Crew Sheet'!$L$10:$L$11),0)),"Receiving", IF(AND(COUNTIF($F47,"*Pick*"),COUNTIF($D47,"*P*")),"Picking", IF(AND(COUNTIF($F47,"*Task*"),COUNTIF($D47,"*T*")),"Replen/Pallets/Putaways", IF(COUNTIF($D47,"*T*"),"Replen/Pallets/Putaways","Lead/Extra")))))))) | T47: =IFERROR(VLOOKUP($A47,'Crew Sheet'!#REF!,2,FALSE),"")
A48: JeVeaghn P. | D48: P | E48: No | F48: Picking | H48: =IFERROR(VLOOKUP(#REF!,'Crew Sheet'!#REF!,2,FALSE),"") | I48: =IF($T48<>"x","", IF(TRIM($D48)="P","Picking", IF(AND(COUNTIF($F48,"*Unload*"),COUNTIF($D48,"*U*")),"Unloading", IF(AND(COUNTIF($D48,"*L*"),COUNTIFS($I$1:I47,"Loading",$T$1:T47,"x")<ROUNDUP(_xlfn.XLOOKUP("Loaders",'Crew Sheet'!$H:$H,'Crew Sheet'!$L:$L),0)),"Loading", IF(AND(COUNTIF($D48,"*R*"),COUNTIFS($I$1:I47,"Receiving",$T$1:T47,"x")<ROUNDUP(SUM('Crew Sheet'!$L$10:$L$11),0)),"Receiving", IF(AND(COUNTIF($F48,"*Pick*"),COUNTIF($D48,"*P*")),"Picking", IF(AND(COUNTIF($F48,"*Task*"),COUNTIF($D48,"*T*")),"Replen/Pallets/Putaways", IF(COUNTIF($D48,"*T*"),"Replen/Pallets/Putaways","Lead/Extra"))))))))
H49: =IFERROR(VLOOKUP($A49,'Crew Sheet'!#REF!,2,FALSE),"") | I49: =IF($T49<>"x","", IF(TRIM($D49)="P","Picking", IF(AND(COUNTIF($F49,"*Unload*"),COUNTIF($D49,"*U*")),"Unloading", IF(AND(COUNTIF($D49,"*L*"),COUNTIFS($I$1:I48,"Loading",$T$1:T48,"x")<ROUNDUP(_xlfn.XLOOKUP("Loaders",'Crew Sheet'!$H:$H,'Crew Sheet'!$L:$L),0)),"Loading", IF(AND(COUNTIF($D49,"*R*"),COUNTIFS($I$1:I48,"Receiving",$T$1:T48,"x")<ROUNDUP(SUM('Crew Sheet'!$L$10:$L$11),0)),"Receiving", IF(AND(COUNTIF($F49,"*Pick*"),COUNTIF($D49,"*P*")),"Picking", IF(AND(COUNTIF($F49,"*Task*"),COUNTIF($D49,"*T*")),"Replen/Pallets/Putaways", IF(COUNTIF($D49,"*T*"),"Replen/Pallets/Putaways","Lead/Extra"))))))))
H50: =IFERROR(VLOOKUP($A48,'Crew Sheet'!#REF!,2,FALSE),"") | I50: =IF($T50<>"x","", IF(TRIM($D50)="P","Picking", IF(AND(COUNTIF($F50,"*Unload*"),COUNTIF($D50,"*U*")),"Unloading", IF(AND(COUNTIF($D50,"*L*"),COUNTIFS($I$1:I49,"Loading",$T$1:T49,"x")<ROUNDUP(_xlfn.XLOOKUP("Loaders",'Crew Sheet'!$H:$H,'Crew Sheet'!$L:$L),0)),"Loading", IF(AND(COUNTIF($D50,"*R*"),COUNTIFS($I$1:I49,"Receiving",$T$1:T49,"x")<ROUNDUP(SUM('Crew Sheet'!$L$10:$L$11),0)),"Receiving", IF(AND(COUNTIF($F50,"*Pick*"),COUNTIF($D50,"*P*")),"Picking", IF(AND(COUNTIF($F50,"*Task*"),COUNTIF($D50,"*T*")),"Replen/Pallets/Putaways", IF(COUNTIF($D50,"*T*"),"Replen/Pallets/Putaways","Lead/Extra"))))))))

Sheet Staffing Sheet 2nd Shift
A1: Name | B1: Shift | C1: Weekday/Weekend | D1: Skills | E1: Forklift Certified | F1: Best Fit | G1: Classification | H1: Present | I1: Recommended Task | P1: Present
A2: Alex Hieronymus | D2: P | E2: YES | F2: Picking | H2: =IFERROR(VLOOKUP($A2,'Crew Sheet'!#REF!,2,FALSE),"") | I2: =IF($T2<>"x","", IF(TRIM($D2)="P","Picking", IF(AND(COUNTIF($F2,"*Unload*"),COUNTIF($D2,"*U*")),"Unloading", IF(AND(COUNTIF($D2,"*L*"),COUNTIFS($I$1:I1,"Loading",$T$1:T1,"x")<ROUNDUP(_xlfn.XLOOKUP("Loaders",'Crew Sheet'!$H:$H,'Crew Sheet'!$L:$L),0)),"Loading", IF(AND(COUNTIF($D2,"*R*"),COUNTIFS($I$1:I1,"Receiving",$T$1:T1,"x")<ROUNDUP(SUM('Crew Sheet'!$L$10:$L$11),0)),"Receiving", IF(AND(COUNTIF($F2,"*Pick*"),COUNTIF($D2,"*P*")),"Picking", IF(AND(COUNTIF($F2,"*Task*"),COUNTIF($D2,"*T*")),"Replen/Pallets/Putaways", IF(COUNTIF($D2,"*T*"),"Replen/Pallets/Putaways","Lead/Extra"))))))))
A3: Andrew Bartell | D3: P/T | E3: YES | F3: Tasking | H3: =IFERROR(VLOOKUP($A3,'Crew Sheet'!#REF!,2,FALSE),"") | I3: =IF($T3<>"x","", IF(TRIM($D3)="P","Picking", IF(AND(COUNTIF($F3,"*Unload*"),COUNTIF($D3,"*U*")),"Unloading", IF(AND(COUNTIF($D3,"*L*"),COUNTIFS($I$1:I2,"Loading",$T$1:T2,"x")<ROUNDUP(_xlfn.XLOOKUP("Loaders",'Crew Sheet'!$H:$H,'Crew Sheet'!$L:$L),0)),"Loading", IF(AND(COUNTIF($D3,"*R*"),COUNTIFS($I$1:I2,"Receiving",$T$1:T2,"x")<ROUNDUP(SUM('Crew Sheet'!$L$10:$L$11),0)),"Receiving", IF(AND(COUNTIF($F3,"*Pick*"),COUNTIF($D3,"*P*")),"Picking", IF(AND(COUNTIF($F3,"*Task*"),COUNTIF($D3,"*T*")),"Replen/Pallets/Putaways", IF(COUNTIF($D3,"*T*"),"Replen/Pallets/Putaways","Lead/Extra"))))))))
A4: Ashton Sudduth | D4: P/T/L | E4: YES | F4: Loading | H4: =IFERROR(VLOOKUP($A4,'Crew Sheet'!#REF!,2,FALSE),"") | I4: =IF($T4<>"x","", IF(TRIM($D4)="P","Picking", IF(AND(COUNTIF($F4,"*Unload*"),COUNTIF($D4,"*U*")),"Unloading", IF(AND(COUNTIF($D4,"*L*"),COUNTIFS($I$1:I3,"Loading",$T$1:T3,"x")<ROUNDUP(_xlfn.XLOOKUP("Loaders",'Crew Sheet'!$H:$H,'Crew Sheet'!$L:$L),0)),"Loading", IF(AND(COUNTIF($D4,"*R*"),COUNTIFS($I$1:I3,"Receiving",$T$1:T3,"x")<ROUNDUP(SUM('Crew Sheet'!$L$10:$L$11),0)),"Receiving", IF(AND(COUNTIF($F4,"*Pick*"),COUNTIF($D4,"*P*")),"Picking", IF(AND(COUNTIF($F4,"*Task*"),COUNTIF($D4,"*T*")),"Replen/Pallets/Putaways", IF(COUNTIF($D4,"*T*"),"Replen/Pallets/Putaways","Lead/Extra"))))))))
A5: Billy Anderson | D5: P/T/L | E5: YES | F5: Loading | H5: =IFERROR(VLOOKUP($A5,'Crew Sheet'!#REF!,2,FALSE),"") | I5: =IF($T5<>"x","", IF(TRIM($D5)="P","Picking", IF(AND(COUNTIF($F5,"*Unload*"),COUNTIF($D5,"*U*")),"Unloading", IF(AND(COUNTIF($D5,"*L*"),COUNTIFS($I$1:I4,"Loading",$T$1:T4,"x")<ROUNDUP(_xlfn.XLOOKUP("Loaders",'Crew Sheet'!$H:$H,'Crew Sheet'!$L:$L),0)),"Loading", IF(AND(COUNTIF($D5,"*R*"),COUNTIFS($I$1:I4,"Receiving",$T$1:T4,"x")<ROUNDUP(SUM('Crew Sheet'!$L$10:$L$11),0)),"Receiving", IF(AND(COUNTIF($F5,"*Pick*"),COUNTIF($D5,"*P*")),"Picking", IF(AND(COUNTIF($F5,"*Task*"),COUNTIF($D5,"*T*")),"Replen/Pallets/Putaways", IF(COUNTIF($D5,"*T*"),"Replen/Pallets/Putaways","Lead/Extra"))))))))
A6: Bressa Gonzaga | D6: P/T | E6: YES | F6: Tasking | H6: =IFERROR(VLOOKUP($A6,'Crew Sheet'!#REF!,2,FALSE),"") | I6: =IF($T6<>"x","", IF(TRIM($D6)="P","Picking", IF(AND(COUNTIF($F6,"*Unload*"),COUNTIF($D6,"*U*")),"Unloading", IF(AND(COUNTIF($D6,"*L*"),COUNTIFS($I$1:I5,"Loading",$T$1:T5,"x")<ROUNDUP(_xlfn.XLOOKUP("Loaders",'Crew Sheet'!$H:$H,'Crew Sheet'!$L:$L),0)),"Loading", IF(AND(COUNTIF($D6,"*R*"),COUNTIFS($I$1:I5,"Receiving",$T$1:T5,"x")<ROUNDUP(SUM('Crew Sheet'!$L$10:$L$11),0)),"Receiving", IF(AND(COUNTIF($F6,"*Pick*"),COUNTIF($D6,"*P*")),"Picking", IF(AND(COUNTIF($F6,"*Task*"),COUNTIF($D6,"*T*")),"Replen/Pallets/Putaways", IF(COUNTIF($D6,"*T*"),"Replen/Pallets/Putaways","Lead/Extra"))))))))
A7: Brian Manis | D7: P | F7: Picking | H7: =IFERROR(VLOOKUP($A7,'Crew Sheet'!#REF!,2,FALSE),"") | I7: =IF($T7<>"x","", IF(TRIM($D7)="P","Picking", IF(AND(COUNTIF($F7,"*Unload*"),COUNTIF($D7,"*U*")),"Unloading", IF(AND(COUNTIF($D7,"*L*"),COUNTIFS($I$1:I6,"Loading",$T$1:T6,"x")<ROUNDUP(_xlfn.XLOOKUP("Loaders",'Crew Sheet'!$H:$H,'Crew Sheet'!$L:$L),0)),"Loading", IF(AND(COUNTIF($D7,"*R*"),COUNTIFS($I$1:I6,"Receiving",$T$1:T6,"x")<ROUNDUP(SUM('Crew Sheet'!$L$10:$L$11),0)),"Receiving", IF(AND(COUNTIF($F7,"*Pick*"),COUNTIF($D7,"*P*")),"Picking", IF(AND(COUNTIF($F7,"*Task*"),COUNTIF($D7,"*T*")),"Replen/Pallets/Putaways", IF(COUNTIF($D7,"*T*"),"Replen/Pallets/Putaways","Lead/Extra"))))))))
A8: Bryce Andrews | D8: P/T | E8: YES | F8: Picking | H8: =IFERROR(VLOOKUP($A8,'Crew Sheet'!#REF!,2,FALSE),"") | I8: =IF($T8<>"x","", IF(TRIM($D8)="P","Picking", IF(AND(COUNTIF($F8,"*Unload*"),COUNTIF($D8,"*U*")),"Unloading", IF(AND(COUNTIF($D8,"*L*"),COUNTIFS($I$1:I7,"Loading",$T$1:T7,"x")<ROUNDUP(_xlfn.XLOOKUP("Loaders",'Crew Sheet'!$H:$H,'Crew Sheet'!$L:$L),0)),"Loading", IF(AND(COUNTIF($D8,"*R*"),COUNTIFS($I$1:I7,"Receiving",$T$1:T7,"x")<ROUNDUP(SUM('Crew Sheet'!$L$10:$L$11),0)),"Receiving", IF(AND(COUNTIF($F8,"*Pick*"),COUNTIF($D8,"*P*")),"Picking", IF(AND(COUNTIF($F8,"*Task*"),COUNTIF($D8,"*T*")),"Replen/Pallets/Putaways", IF(COUNTIF($D8,"*T*"),"Replen/Pallets/Putaways","Lead/Extra"))))))))
A9: Charles Myers | D9: P/T/L | E9: YES | F9: Tasking | H9: =IFERROR(VLOOKUP($A9,'Crew Sheet'!#REF!,2,FALSE),"") | I9: =IF($T9<>"x","", IF(TRIM($D9)="P","Picking", IF(AND(COUNTIF($F9,"*Unload*"),COUNTIF($D9,"*U*")),"Unloading", IF(AND(COUNTIF($D9,"*L*"),COUNTIFS($I$1:I8,"Loading",$T$1:T8,"x")<ROUNDUP(_xlfn.XLOOKUP("Loaders",'Crew Sheet'!$H:$H,'Crew Sheet'!$L:$L),0)),"Loading", IF(AND(COUNTIF($D9,"*R*"),COUNTIFS($I$1:I8,"Receiving",$T$1:T8,"x")<ROUNDUP(SUM('Crew Sheet'!$L$10:$L$11),0)),"Receiving", IF(AND(COUNTIF($F9,"*Pick*"),COUNTIF($D9,"*P*")),"Picking", IF(AND(COUNTIF($F9,"*Task*"),COUNTIF($D9,"*T*")),"Replen/Pallets/Putaways", IF(COUNTIF($D9,"*T*"),"Replen/Pallets/Putaways","Lead/Extra"))))))))
A10: Chaz Lacey | D10: P | E10: NO | F10: Picking | H10: =IFERROR(VLOOKUP($A10,'Crew Sheet'!#REF!,2,FALSE),"") | I10: =IF($T10<>"x","", IF(TRIM($D10)="P","Picking", IF(AND(COUNTIF($F10,"*Unload*"),COUNTIF($D10,"*U*")),"Unloading", IF(AND(COUNTIF($D10,"*L*"),COUNTIFS($I$1:I9,"Loading",$T$1:T9,"x")<ROUNDUP(_xlfn.XLOOKUP("Loaders",'Crew Sheet'!$H:$H,'Crew Sheet'!$L:$L),0)),"Loading", IF(AND(COUNTIF($D10,"*R*"),COUNTIFS($I$1:I9,"Receiving",$T$1:T9,"x")<ROUNDUP(SUM('Crew Sheet'!$L$10:$L$11),0)),"Receiving", IF(AND(COUNTIF($F10,"*Pick*"),COUNTIF($D10,"*P*")),"Picking", IF(AND(COUNTIF($F10,"*Task*"),COUNTIF($D10,"*T*")),"Replen/Pallets/Putaways", IF(COUNTIF($D10,"*T*"),"Replen/Pallets/Putaways","Lead/Extra"))))))))
A11: Chris Dodds | D11: T | E11: YES | F11: Tasking | H11: =IFERROR(VLOOKUP($A11,'Crew Sheet'!#REF!,2,FALSE),"") | I11: =IF($T11<>"x","", IF(TRIM($D11)="P","Picking", IF(AND(COUNTIF($F11,"*Unload*"),COUNTIF($D11,"*U*")),"Unloading", IF(AND(COUNTIF($D11,"*L*"),COUNTIFS($I$1:I10,"Loading",$T$1:T10,"x")<ROUNDUP(_xlfn.XLOOKUP("Loaders",'Crew Sheet'!$H:$H,'Crew Sheet'!$L:$L),0)),"Loading", IF(AND(COUNTIF($D11,"*R*"),COUNTIFS($I$1:I10,"Receiving",$T$1:T10,"x")<ROUNDUP(SUM('Crew Sheet'!$L$10:$L$11),0)),"Receiving", IF(AND(COUNTIF($F11,"*Pick*"),COUNTIF($D11,"*P*")),"Picking", IF(AND(COUNTIF($F11,"*Task*"),COUNTIF($D11,"*T*")),"Replen/Pallets/Putaways", IF(COUNTIF($D11,"*T*"),"Replen/Pallets/Putaways","Lead/Extra"))))))))
A12: Danny Trotter | D12: P/T/R/L | E12: YES | F12: Loading | H12: =IFERROR(VLOOKUP($A12,'Crew Sheet'!#REF!,2,FALSE),"") | I12: =IF($T12<>"x","", IF(TRIM($D12)="P","Picking", IF(AND(COUNTIF($F12,"*Unload*"),COUNTIF($D12,"*U*")),"Unloading", IF(AND(COUNTIF($D12,"*L*"),COUNTIFS($I$1:I11,"Loading",$T$1:T11,"x")<ROUNDUP(_xlfn.XLOOKUP("Loaders",'Crew Sheet'!$H:$H,'Crew Sheet'!$L:$L),0)),"Loading", IF(AND(COUNTIF($D12,"*R*"),COUNTIFS($I$1:I11,"Receiving",$T$1:T11,"x")<ROUNDUP(SUM('Crew Sheet'!$L$10:$L$11),0)),"Receiving", IF(AND(COUNTIF($F12,"*Pick*"),COUNTIF($D12,"*P*")),"Picking", IF(AND(COUNTIF($F12,"*Task*"),COUNTIF($D12,"*T*")),"Replen/Pallets/Putaways", IF(COUNTIF($D12,"*T*"),"Replen/Pallets/Putaways","Lead/Extra"))))))))
A13: David Norwood | D13: P | F13: Picking | H13: =IFERROR(VLOOKUP($A13,'Crew Sheet'!#REF!,2,FALSE),"") | I13: =IF($T13<>"x","", IF(TRIM($D13)="P","Picking", IF(AND(COUNTIF($F13,"*Unload*"),COUNTIF($D13,"*U*")),"Unloading", IF(AND(COUNTIF($D13,"*L*"),COUNTIFS($I$1:I12,"Loading",$T$1:T12,"x")<ROUNDUP(_xlfn.XLOOKUP("Loaders",'Crew Sheet'!$H:$H,'Crew Sheet'!$L:$L),0)),"Loading", IF(AND(COUNTIF($D13,"*R*"),COUNTIFS($I$1:I12,"Receiving",$T$1:T12,"x")<ROUNDUP(SUM('Crew Sheet'!$L$10:$L$11),0)),"Receiving", IF(AND(COUNTIF($F13,"*Pick*"),COUNTIF($D13,"*P*")),"Picking", IF(AND(COUNTIF($F13,"*Task*"),COUNTIF($D13,"*T*")),"Replen/Pallets/Putaways", IF(COUNTIF($D13,"*T*"),"Replen/Pallets/Putaways","Lead/Extra"))))))))
A14: Diamond Williams | D14: P/T | E14: YES | F14: Tasking | H14: =IFERROR(VLOOKUP($A14,'Crew Sheet'!#REF!,2,FALSE),"") | I14: =IF($T14<>"x","", IF(TRIM($D14)="P","Picking", IF(AND(COUNTIF($F14,"*Unload*"),COUNTIF($D14,"*U*")),"Unloading", IF(AND(COUNTIF($D14,"*L*"),COUNTIFS($I$1:I13,"Loading",$T$1:T13,"x")<ROUNDUP(_xlfn.XLOOKUP("Loaders",'Crew Sheet'!$H:$H,'Crew Sheet'!$L:$L),0)),"Loading", IF(AND(COUNTIF($D14,"*R*"),COUNTIFS($I$1:I13,"Receiving",$T$1:T13,"x")<ROUNDUP(SUM('Crew Sheet'!$L$10:$L$11),0)),"Receiving", IF(AND(COUNTIF($F14,"*Pick*"),COUNTIF($D14,"*P*")),"Picking", IF(AND(COUNTIF($F14,"*Task*"),COUNTIF($D14,"*T*")),"Replen/Pallets/Putaways", IF(COUNTIF($D14,"*T*"),"Replen/Pallets/Putaways","Lead/Extra"))))))))
A15: Don Michael | D15: P/T/U | E15: NO | F15: Unloading | H15: =IFERROR(VLOOKUP($A15,'Crew Sheet'!#REF!,2,FALSE),"") | I15: =IF($T15<>"x","", IF(TRIM($D15)="P","Picking", IF(AND(COUNTIF($F15,"*Unload*"),COUNTIF($D15,"*U*")),"Unloading", IF(AND(COUNTIF($D15,"*L*"),COUNTIFS($I$1:I14,"Loading",$T$1:T14,"x")<ROUNDUP(_xlfn.XLOOKUP("Loaders",'Crew Sheet'!$H:$H,'Crew Sheet'!$L:$L),0)),"Loading", IF(AND(COUNTIF($D15,"*R*"),COUNTIFS($I$1:I14,"Receiving",$T$1:T14,"x")<ROUNDUP(SUM('Crew Sheet'!$L$10:$L$11),0)),"Receiving", IF(AND(COUNTIF($F15,"*Pick*"),COUNTIF($D15,"*P*")),"Picking", IF(AND(COUNTIF($F15,"*Task*"),COUNTIF($D15,"*T*")),"Replen/Pallets/Putaways", IF(COUNTIF($D15,"*T*"),"Replen/Pallets/Putaways","Lead/Extra"))))))))
A16: Earnest Carter | D16: P | E16: NO | F16: Picking | H16: =IFERROR(VLOOKUP($A16,'Crew Sheet'!#REF!,2,FALSE),"") | I16: =IF($T16<>"x","", IF(TRIM($D16)="P","Picking", IF(AND(COUNTIF($F16,"*Unload*"),COUNTIF($D16,"*U*")),"Unloading", IF(AND(COUNTIF($D16,"*L*"),COUNTIFS($I$1:I15,"Loading",$T$1:T15,"x")<ROUNDUP(_xlfn.XLOOKUP("Loaders",'Crew Sheet'!$H:$H,'Crew Sheet'!$L:$L),0)),"Loading", IF(AND(COUNTIF($D16,"*R*"),COUNTIFS($I$1:I15,"Receiving",$T$1:T15,"x")<ROUNDUP(SUM('Crew Sheet'!$L$10:$L$11),0)),"Receiving", IF(AND(COUNTIF($F16,"*Pick*"),COUNTIF($D16,"*P*")),"Picking", IF(AND(COUNTIF($F16,"*Task*"),COUNTIF($D16,"*T*")),"Replen/Pallets/Putaways", IF(COUNTIF($D16,"*T*"),"Replen/Pallets/Putaways","Lead/Extra"))))))))
A17: Eugene Emery | D17: P/T/U | E17: NO | F17: Picking | H17: =IFERROR(VLOOKUP($A17,'Crew Sheet'!#REF!,2,FALSE),"") | I17: =IF($T17<>"x","", IF(TRIM($D17)="P","Picking", IF(AND(COUNTIF($F17,"*Unload*"),COUNTIF($D17,"*U*")),"Unloading", IF(AND(COUNTIF($D17,"*L*"),COUNTIFS($I$1:I16,"Loading",$T$1:T16,"x")<ROUNDUP(_xlfn.XLOOKUP("Loaders",'Crew Sheet'!$H:$H,'Crew Sheet'!$L:$L),0)),"Loading", IF(AND(COUNTIF($D17,"*R*"),COUNTIFS($I$1:I16,"Receiving",$T$1:T16,"x")<ROUNDUP(SUM('Crew Sheet'!$L$10:$L$11),0)),"Receiving", IF(AND(COUNTIF($F17,"*Pick*"),COUNTIF($D17,"*P*")),"Picking", IF(AND(COUNTIF($F17,"*Task*"),COUNTIF($D17,"*T*")),"Replen/Pallets/Putaways", IF(COUNTIF($D17,"*T*"),"Replen/Pallets/Putaways","Lead/Extra"))))))))
A18: Gary Lake | D18: P/T | F18: Picking | H18: =IFERROR(VLOOKUP($A18,'Crew Sheet'!#REF!,2,FALSE),"") | I18: =IF($T18<>"x","", IF(TRIM($D18)="P","Picking", IF(AND(COUNTIF($F18,"*Unload*"),COUNTIF($D18,"*U*")),"Unloading", IF(AND(COUNTIF($D18,"*L*"),COUNTIFS($I$1:I17,"Loading",$T$1:T17,"x")<ROUNDUP(_xlfn.XLOOKUP("Loaders",'Crew Sheet'!$H:$H,'Crew Sheet'!$L:$L),0)),"Loading", IF(AND(COUNTIF($D18,"*R*"),COUNTIFS($I$1:I17,"Receiving",$T$1:T17,"x")<ROUNDUP(SUM('Crew Sheet'!$L$10:$L$11),0)),"Receiving", IF(AND(COUNTIF($F18,"*Pick*"),COUNTIF($D18,"*P*")),"Picking", IF(AND(COUNTIF($F18,"*Task*"),COUNTIF($D18,"*T*")),"Replen/Pallets/Putaways", IF(COUNTIF($D18,"*T*"),"Replen/Pallets/Putaways","Lead/Extra"))))))))
A19: Goliath Haagan | D19: P | E19: NO | F19: Picking | H19: =IFERROR(VLOOKUP($A19,'Crew Sheet'!#REF!,2,FALSE),"") | I19: =IF($T19<>"x","", IF(TRIM($D19)="P","Picking", IF(AND(COUNTIF($F19,"*Unload*"),COUNTIF($D19,"*U*")),"Unloading", IF(AND(COUNTIF($D19,"*L*"),COUNTIFS($I$1:I18,"Loading",$T$1:T18,"x")<ROUNDUP(_xlfn.XLOOKUP("Loaders",'Crew Sheet'!$H:$H,'Crew Sheet'!$L:$L),0)),"Loading", IF(AND(COUNTIF($D19,"*R*"),COUNTIFS($I$1:I18,"Receiving",$T$1:T18,"x")<ROUNDUP(SUM('Crew Sheet'!$L$10:$L$11),0)),"Receiving", IF(AND(COUNTIF($F19,"*Pick*"),COUNTIF($D19,"*P*")),"Picking", IF(AND(COUNTIF($F19,"*Task*"),COUNTIF($D19,"*T*")),"Replen/Pallets/Putaways", IF(COUNTIF($D19,"*T*"),"Replen/Pallets/Putaways","Lead/Extra"))))))))
A20: Isaiah Kilmete | D20: P | E20: YES | F20: Picking | H20: =IFERROR(VLOOKUP($A20,'Crew Sheet'!#REF!,2,FALSE),"") | I20: =IF($T20<>"x","", IF(TRIM($D20)="P","Picking", IF(AND(COUNTIF($F20,"*Unload*"),COUNTIF($D20,"*U*")),"Unloading", IF(AND(COUNTIF($D20,"*L*"),COUNTIFS($I$1:I19,"Loading",$T$1:T19,"x")<ROUNDUP(_xlfn.XLOOKUP("Loaders",'Crew Sheet'!$H:$H,'Crew Sheet'!$L:$L),0)),"Loading", IF(AND(COUNTIF($D20,"*R*"),COUNTIFS($I$1:I19,"Receiving",$T$1:T19,"x")<ROUNDUP(SUM('Crew Sheet'!$L$10:$L$11),0)),"Receiving", IF(AND(COUNTIF($F20,"*Pick*"),COUNTIF($D20,"*P*")),"Picking", IF(AND(COUNTIF($F20,"*Task*"),COUNTIF($D20,"*T*")),"Replen/Pallets/Putaways", IF(COUNTIF($D20,"*T*"),"Replen/Pallets/Putaways","Lead/Extra"))))))))
A21: Jarrad Reid | D21: P/T | E21: YES | F21: Tasking | H21: =IFERROR(VLOOKUP($A21,'Crew Sheet'!#REF!,2,FALSE),"") | I21: =IF($T21<>"x","", IF(TRIM($D21)="P","Picking", IF(AND(COUNTIF($F21,"*Unload*"),COUNTIF($D21,"*U*")),"Unloading", IF(AND(COUNTIF($D21,"*L*"),COUNTIFS($I$1:I20,"Loading",$T$1:T20,"x")<ROUNDUP(_xlfn.XLOOKUP("Loaders",'Crew Sheet'!$H:$H,'Crew Sheet'!$L:$L),0)),"Loading", IF(AND(COUNTIF($D21,"*R*"),COUNTIFS($I$1:I20,"Receiving",$T$1:T20,"x")<ROUNDUP(SUM('Crew Sheet'!$L$10:$L$11),0)),"Receiving", IF(AND(COUNTIF($F21,"*Pick*"),COUNTIF($D21,"*P*")),"Picking", IF(AND(COUNTIF($F21,"*Task*"),COUNTIF($D21,"*T*")),"Replen/Pallets/Putaways", IF(COUNTIF($D21,"*T*"),"Replen/Pallets/Putaways","Lead/Extra"))))))))
A22: Jasiah Goar | D22: P/T | E22: YES | F22: Picking | H22: =IFERROR(VLOOKUP($A22,'Crew Sheet'!#REF!,2,FALSE),"") | I22: =IF($T22<>"x","", IF(TRIM($D22)="P","Picking", IF(AND(COUNTIF($F22,"*Unload*"),COUNTIF($D22,"*U*")),"Unloading", IF(AND(COUNTIF($D22,"*L*"),COUNTIFS($I$1:I21,"Loading",$T$1:T21,"x")<ROUNDUP(_xlfn.XLOOKUP("Loaders",'Crew Sheet'!$H:$H,'Crew Sheet'!$L:$L),0)),"Loading", IF(AND(COUNTIF($D22,"*R*"),COUNTIFS($I$1:I21,"Receiving",$T$1:T21,"x")<ROUNDUP(SUM('Crew Sheet'!$L$10:$L$11),0)),"Receiving", IF(AND(COUNTIF($F22,"*Pick*"),COUNTIF($D22,"*P*")),"Picking", IF(AND(COUNTIF($F22,"*Task*"),COUNTIF($D22,"*T*")),"Replen/Pallets/Putaways", IF(COUNTIF($D22,"*T*"),"Replen/Pallets/Putaways","Lead/Extra"))))))))
A23: Javier Ceballos | D23: P/T/L | H23: =IFERROR(VLOOKUP($A23,'Crew Sheet'!#REF!,2,FALSE),"") | I23: =IF($T23<>"x","", IF(TRIM($D23)="P","Picking", IF(AND(COUNTIF($F23,"*Unload*"),COUNTIF($D23,"*U*")),"Unloading", IF(AND(COUNTIF($D23,"*L*"),COUNTIFS($I$1:I22,"Loading",$T$1:T22,"x")<ROUNDUP(_xlfn.XLOOKUP("Loaders",'Crew Sheet'!$H:$H,'Crew Sheet'!$L:$L),0)),"Loading", IF(AND(COUNTIF($D23,"*R*"),COUNTIFS($I$1:I22,"Receiving",$T$1:T22,"x")<ROUNDUP(SUM('Crew Sheet'!$L$10:$L$11),0)),"Receiving", IF(AND(COUNTIF($F23,"*Pick*"),COUNTIF($D23,"*P*")),"Picking", IF(AND(COUNTIF($F23,"*Task*"),COUNTIF($D23,"*T*")),"Replen/Pallets/Putaways", IF(COUNTIF($D23,"*T*"),"Replen/Pallets/Putaways","Lead/Extra"))))))))
A24: Javon Phillips | D24: P | E24: NO | F24: Picking | H24: =IFERROR(VLOOKUP($A24,'Crew Sheet'!#REF!,2,FALSE),"") | I24: =IF($T24<>"x","", IF(TRIM($D24)="P","Picking", IF(AND(COUNTIF($F24,"*Unload*"),COUNTIF($D24,"*U*")),"Unloading", IF(AND(COUNTIF($D24,"*L*"),COUNTIFS($I$1:I23,"Loading",$T$1:T23,"x")<ROUNDUP(_xlfn.XLOOKUP("Loaders",'Crew Sheet'!$H:$H,'Crew Sheet'!$L:$L),0)),"Loading", IF(AND(COUNTIF($D24,"*R*"),COUNTIFS($I$1:I23,"Receiving",$T$1:T23,"x")<ROUNDUP(SUM('Crew Sheet'!$L$10:$L$11),0)),"Receiving", IF(AND(COUNTIF($F24,"*Pick*"),COUNTIF($D24,"*P*")),"Picking", IF(AND(COUNTIF($F24,"*Task*"),COUNTIF($D24,"*T*")),"Replen/Pallets/Putaways", IF(COUNTIF($D24,"*T*"),"Replen/Pallets/Putaways","Lead/Extra"))))))))
A25: Jaylin Garrett | D25: P/T | E25: YES | F25: Tasking | H25: =IFERROR(VLOOKUP($A25,'Crew Sheet'!#REF!,2,FALSE),"") | I25: =IF($T25<>"x","", IF(TRIM($D25)="P","Picking", IF(AND(COUNTIF($F25,"*Unload*"),COUNTIF($D25,"*U*")),"Unloading", IF(AND(COUNTIF($D25,"*L*"),COUNTIFS($I$1:I24,"Loading",$T$1:T24,"x")<ROUNDUP(_xlfn.XLOOKUP("Loaders",'Crew Sheet'!$H:$H,'Crew Sheet'!$L:$L),0)),"Loading", IF(AND(COUNTIF($D25,"*R*"),COUNTIFS($I$1:I24,"Receiving",$T$1:T24,"x")<ROUNDUP(SUM('Crew Sheet'!$L$10:$L$11),0)),"Receiving", IF(AND(COUNTIF($F25,"*Pick*"),COUNTIF($D25,"*P*")),"Picking", IF(AND(COUNTIF($F25,"*Task*"),COUNTIF($D25,"*T*")),"Replen/Pallets/Putaways", IF(COUNTIF($D25,"*T*"),"Replen/Pallets/Putaways","Lead/Extra"))))))))
A26: Jeffrey Lowe | D26: P | E26: NO | F26: Picking | H26: =IFERROR(VLOOKUP($A26,'Crew Sheet'!#REF!,2,FALSE),"") | I26: =IF($T26<>"x","", IF(TRIM($D26)="P","Picking", IF(AND(COUNTIF($F26,"*Unload*"),COUNTIF($D26,"*U*")),"Unloading", IF(AND(COUNTIF($D26,"*L*"),COUNTIFS($I$1:I25,"Loading",$T$1:T25,"x")<ROUNDUP(_xlfn.XLOOKUP("Loaders",'Crew Sheet'!$H:$H,'Crew Sheet'!$L:$L),0)),"Loading", IF(AND(COUNTIF($D26,"*R*"),COUNTIFS($I$1:I25,"Receiving",$T$1:T25,"x")<ROUNDUP(SUM('Crew Sheet'!$L$10:$L$11),0)),"Receiving", IF(AND(COUNTIF($F26,"*Pick*"),COUNTIF($D26,"*P*")),"Picking", IF(AND(COUNTIF($F26,"*Task*"),COUNTIF($D26,"*T*")),"Replen/Pallets/Putaways", IF(COUNTIF($D26,"*T*"),"Replen/Pallets/Putaways","Lead/Extra"))))))))
A27: Jeffrey Stone | D27: P | F27: Picking | H27: =IFERROR(VLOOKUP($A27,'Crew Sheet'!#REF!,2,FALSE),"") | I27: =IF($T27<>"x","", IF(TRIM($D27)="P","Picking", IF(AND(COUNTIF($F27,"*Unload*"),COUNTIF($D27,"*U*")),"Unloading", IF(AND(COUNTIF($D27,"*L*"),COUNTIFS($I$1:I26,"Loading",$T$1:T26,"x")<ROUNDUP(_xlfn.XLOOKUP("Loaders",'Crew Sheet'!$H:$H,'Crew Sheet'!$L:$L),0)),"Loading", IF(AND(COUNTIF($D27,"*R*"),COUNTIFS($I$1:I26,"Receiving",$T$1:T26,"x")<ROUNDUP(SUM('Crew Sheet'!$L$10:$L$11),0)),"Receiving", IF(AND(COUNTIF($F27,"*Pick*"),COUNTIF($D27,"*P*")),"Picking", IF(AND(COUNTIF($F27,"*Task*"),COUNTIF($D27,"*T*")),"Replen/Pallets/Putaways", IF(COUNTIF($D27,"*T*"),"Replen/Pallets/Putaways","Lead/Extra"))))))))
A28: Jim Herman | D28: P/T/L | F28: Tasking | H28: =IFERROR(VLOOKUP($A28,'Crew Sheet'!#REF!,2,FALSE),"") | I28: =IF($T28<>"x","", IF(TRIM($D28)="P","Picking", IF(AND(COUNTIF($F28,"*Unload*"),COUNTIF($D28,"*U*")),"Unloading", IF(AND(COUNTIF($D28,"*L*"),COUNTIFS($I$1:I27,"Loading",$T$1:T27,"x")<ROUNDUP(_xlfn.XLOOKUP("Loaders",'Crew Sheet'!$H:$H,'Crew Sheet'!$L:$L),0)),"Loading", IF(AND(COUNTIF($D28,"*R*"),COUNTIFS($I$1:I27,"Receiving",$T$1:T27,"x")<ROUNDUP(SUM('Crew Sheet'!$L$10:$L$11),0)),"Receiving", IF(AND(COUNTIF($F28,"*Pick*"),COUNTIF($D28,"*P*")),"Picking", IF(AND(COUNTIF($F28,"*Task*"),COUNTIF($D28,"*T*")),"Replen/Pallets/Putaways", IF(COUNTIF($D28,"*T*"),"Replen/Pallets/Putaways","Lead/Extra"))))))))
A29: Jimmy Stewart | D29: P/T/L | E29: YES | F29: Tasking | H29: =IFERROR(VLOOKUP($A29,'Crew Sheet'!#REF!,2,FALSE),"") | I29: =IF($T29<>"x","", IF(TRIM($D29)="P","Picking", IF(AND(COUNTIF($F29,"*Unload*"),COUNTIF($D29,"*U*")),"Unloading", IF(AND(COUNTIF($D29,"*L*"),COUNTIFS($I$1:I28,"Loading",$T$1:T28,"x")<ROUNDUP(_xlfn.XLOOKUP("Loaders",'Crew Sheet'!$H:$H,'Crew Sheet'!$L:$L),0)),"Loading", IF(AND(COUNTIF($D29,"*R*"),COUNTIFS($I$1:I28,"Receiving",$T$1:T28,"x")<ROUNDUP(SUM('Crew Sheet'!$L$10:$L$11),0)),"Receiving", IF(AND(COUNTIF($F29,"*Pick*"),COUNTIF($D29,"*P*")),"Picking", IF(AND(COUNTIF($F29,"*Task*"),COUNTIF($D29,"*T*")),"Replen/Pallets/Putaways", IF(COUNTIF($D29,"*T*"),"Replen/Pallets/Putaways","Lead/Extra"))))))))
A30: Jose Rangel-Cazares | D30: P | E30: NO | F30: Picking | H30: =IFERROR(VLOOKUP($A30,'Crew Sheet'!#REF!,2,FALSE),"") | I30: =IF($T30<>"x","", IF(TRIM($D30)="P","Picking", IF(AND(COUNTIF($F30,"*Unload*"),COUNTIF($D30,"*U*")),"Unloading", IF(AND(COUNTIF($D30,"*L*"),COUNTIFS($I$1:I29,"Loading",$T$1:T29,"x")<ROUNDUP(_xlfn.XLOOKUP("Loaders",'Crew Sheet'!$H:$H,'Crew Sheet'!$L:$L),0)),"Loading", IF(AND(COUNTIF($D30,"*R*"),COUNTIFS($I$1:I29,"Receiving",$T$1:T29,"x")<ROUNDUP(SUM('Crew Sheet'!$L$10:$L$11),0)),"Receiving", IF(AND(COUNTIF($F30,"*Pick*"),COUNTIF($D30,"*P*")),"Picking", IF(AND(COUNTIF($F30,"*Task*"),COUNTIF($D30,"*T*")),"Replen/Pallets/Putaways", IF(COUNTIF($D30,"*T*"),"Replen/Pallets/Putaways","Lead/Extra"))))))))
A31: Justin Pucek | D31: P/T/R/L | E31: YES | H31: =IFERROR(VLOOKUP($A31,'Crew Sheet'!#REF!,2,FALSE),"") | I31: =IF($T31<>"x","", IF(TRIM($D31)="P","Picking", IF(AND(COUNTIF($F31,"*Unload*"),COUNTIF($D31,"*U*")),"Unloading", IF(AND(COUNTIF($D31,"*L*"),COUNTIFS($I$1:I30,"Loading",$T$1:T30,"x")<ROUNDUP(_xlfn.XLOOKUP("Loaders",'Crew Sheet'!$H:$H,'Crew Sheet'!$L:$L),0)),"Loading", IF(AND(COUNTIF($D31,"*R*"),COUNTIFS($I$1:I30,"Receiving",$T$1:T30,"x")<ROUNDUP(SUM('Crew Sheet'!$L$10:$L$11),0)),"Receiving", IF(AND(COUNTIF($F31,"*Pick*"),COUNTIF($D31,"*P*")),"Picking", IF(AND(COUNTIF($F31,"*Task*"),COUNTIF($D31,"*T*")),"Replen/Pallets/Putaways", IF(COUNTIF($D31,"*T*"),"Replen/Pallets/Putaways","Lead/Extra"))))))))
A32: Louis Heath | D32: P/T | E32: YES | F32: Picking | H32: =IFERROR(VLOOKUP($A32,'Crew Sheet'!#REF!,2,FALSE),"") | I32: =IF($T32<>"x","", IF(TRIM($D32)="P","Picking", IF(AND(COUNTIF($F32,"*Unload*"),COUNTIF($D32,"*U*")),"Unloading", IF(AND(COUNTIF($D32,"*L*"),COUNTIFS($I$1:I31,"Loading",$T$1:T31,"x")<ROUNDUP(_xlfn.XLOOKUP("Loaders",'Crew Sheet'!$H:$H,'Crew Sheet'!$L:$L),0)),"Loading", IF(AND(COUNTIF($D32,"*R*"),COUNTIFS($I$1:I31,"Receiving",$T$1:T31,"x")<ROUNDUP(SUM('Crew Sheet'!$L$10:$L$11),0)),"Receiving", IF(AND(COUNTIF($F32,"*Pick*"),COUNTIF($D32,"*P*")),"Picking", IF(AND(COUNTIF($F32,"*Task*"),COUNTIF($D32,"*T*")),"Replen/Pallets/Putaways", IF(COUNTIF($D32,"*T*"),"Replen/Pallets/Putaways","Lead/Extra"))))))))
A33: Matthew Tennison | D33: P | E33: NO | F33: Picking | H33: =IFERROR(VLOOKUP($A33,'Crew Sheet'!#REF!,2,FALSE),"") | I33: =IF($T33<>"x","", IF(TRIM($D33)="P","Picking", IF(AND(COUNTIF($F33,"*Unload*"),COUNTIF($D33,"*U*")),"Unloading", IF(AND(COUNTIF($D33,"*L*"),COUNTIFS($I$1:I32,"Loading",$T$1:T32,"x")<ROUNDUP(_xlfn.XLOOKUP("Loaders",'Crew Sheet'!$H:$H,'Crew Sheet'!$L:$L),0)),"Loading", IF(AND(COUNTIF($D33,"*R*"),COUNTIFS($I$1:I32,"Receiving",$T$1:T32,"x")<ROUNDUP(SUM('Crew Sheet'!$L$10:$L$11),0)),"Receiving", IF(AND(COUNTIF($F33,"*Pick*"),COUNTIF($D33,"*P*")),"Picking", IF(AND(COUNTIF($F33,"*Task*"),COUNTIF($D33,"*T*")),"Replen/Pallets/Putaways", IF(COUNTIF($D33,"*T*"),"Replen/Pallets/Putaways","Lead/Extra"))))))))
A34: Micahel Baum | D34: P/T | E34: YES | F34: Tasking | H34: =IFERROR(VLOOKUP($A34,'Crew Sheet'!#REF!,2,FALSE),"") | I34: =IF($T34<>"x","", IF(TRIM($D34)="P","Picking", IF(AND(COUNTIF($F34,"*Unload*"),COUNTIF($D34,"*U*")),"Unloading", IF(AND(COUNTIF($D34,"*L*"),COUNTIFS($I$1:I33,"Loading",$T$1:T33,"x")<ROUNDUP(_xlfn.XLOOKUP("Loaders",'Crew Sheet'!$H:$H,'Crew Sheet'!$L:$L),0)),"Loading", IF(AND(COUNTIF($D34,"*R*"),COUNTIFS($I$1:I33,"Receiving",$T$1:T33,"x")<ROUNDUP(SUM('Crew Sheet'!$L$10:$L$11),0)),"Receiving", IF(AND(COUNTIF($F34,"*Pick*"),COUNTIF($D34,"*P*")),"Picking", IF(AND(COUNTIF($F34,"*Task*"),COUNTIF($D34,"*T*")),"Replen/Pallets/Putaways", IF(COUNTIF($D34,"*T*"),"Replen/Pallets/Putaways","Lead/Extra"))))))))
A35: Mike Jenkins | D35: R | F35: Receiving | H35: =IFERROR(VLOOKUP($A35,'Crew Sheet'!#REF!,2,FALSE),"") | I35: =IF($T35<>"x","", IF(TRIM($D35)="P","Picking", IF(AND(COUNTIF($F35,"*Unload*"),COUNTIF($D35,"*U*")),"Unloading", IF(AND(COUNTIF($D35,"*L*"),COUNTIFS($I$1:I34,"Loading",$T$1:T34,"x")<ROUNDUP(_xlfn.XLOOKUP("Loaders",'Crew Sheet'!$H:$H,'Crew Sheet'!$L:$L),0)),"Loading", IF(AND(COUNTIF($D35,"*R*"),COUNTIFS($I$1:I34,"Receiving",$T$1:T34,"x")<ROUNDUP(SUM('Crew Sheet'!$L$10:$L$11),0)),"Receiving", IF(AND(COUNTIF($F35,"*Pick*"),COUNTIF($D35,"*P*")),"Picking", IF(AND(COUNTIF($F35,"*Task*"),COUNTIF($D35,"*T*")),"Replen/Pallets/Putaways", IF(COUNTIF($D35,"*T*"),"Replen/Pallets/Putaways","Lead/Extra"))))))))
A36: MJ Soliz | D36: P | E36: YES | F36: Picking | H36: =IFERROR(VLOOKUP($A36,'Crew Sheet'!#REF!,2,FALSE),"") | I36: =IF($T36<>"x","", IF(TRIM($D36)="P","Picking", IF(AND(COUNTIF($F36,"*Unload*"),COUNTIF($D36,"*U*")),"Unloading", IF(AND(COUNTIF($D36,"*L*"),COUNTIFS($I$1:I35,"Loading",$T$1:T35,"x")<ROUNDUP(_xlfn.XLOOKUP("Loaders",'Crew Sheet'!$H:$H,'Crew Sheet'!$L:$L),0)),"Loading", IF(AND(COUNTIF($D36,"*R*"),COUNTIFS($I$1:I35,"Receiving",$T$1:T35,"x")<ROUNDUP(SUM('Crew Sheet'!$L$10:$L$11),0)),"Receiving", IF(AND(COUNTIF($F36,"*Pick*"),COUNTIF($D36,"*P*")),"Picking", IF(AND(COUNTIF($F36,"*Task*"),COUNTIF($D36,"*T*")),"Replen/Pallets/Putaways", IF(COUNTIF($D36,"*T*"),"Replen/Pallets/Putaways","Lead/Extra"))))))))
A37: Nelson Rivera | D37: P | E37: NO | F37: Picking | H37: =IFERROR(VLOOKUP($A37,'Crew Sheet'!#REF!,2,FALSE),"") | I37: =IF($T37<>"x","", IF(TRIM($D37)="P","Picking", IF(AND(COUNTIF($F37,"*Unload*"),COUNTIF($D37,"*U*")),"Unloading", IF(AND(COUNTIF($D37,"*L*"),COUNTIFS($I$1:I36,"Loading",$T$1:T36,"x")<ROUNDUP(_xlfn.XLOOKUP("Loaders",'Crew Sheet'!$H:$H,'Crew Sheet'!$L:$L),0)),"Loading", IF(AND(COUNTIF($D37,"*R*"),COUNTIFS($I$1:I36,"Receiving",$T$1:T36,"x")<ROUNDUP(SUM('Crew Sheet'!$L$10:$L$11),0)),"Receiving", IF(AND(COUNTIF($F37,"*Pick*"),COUNTIF($D37,"*P*")),"Picking", IF(AND(COUNTIF($F37,"*Task*"),COUNTIF($D37,"*T*")),"Replen/Pallets/Putaways", IF(COUNTIF($D37,"*T*"),"Replen/Pallets/Putaways","Lead/Extra"))))))))
A38: Olivia Jackson | D38: P | F38: Picking | H38: =IFERROR(VLOOKUP($A38,'Crew Sheet'!#REF!,2,FALSE),"") | I38: =IF($T38<>"x","", IF(TRIM($D38)="P","Picking", IF(AND(COUNTIF($F38,"*Unload*"),COUNTIF($D38,"*U*")),"Unloading", IF(AND(COUNTIF($D38,"*L*"),COUNTIFS($I$1:I37,"Loading",$T$1:T37,"x")<ROUNDUP(_xlfn.XLOOKUP("Loaders",'Crew Sheet'!$H:$H,'Crew Sheet'!$L:$L),0)),"Loading", IF(AND(COUNTIF($D38,"*R*"),COUNTIFS($I$1:I37,"Receiving",$T$1:T37,"x")<ROUNDUP(SUM('Crew Sheet'!$L$10:$L$11),0)),"Receiving", IF(AND(COUNTIF($F38,"*Pick*"),COUNTIF($D38,"*P*")),"Picking", IF(AND(COUNTIF($F38,"*Task*"),COUNTIF($D38,"*T*")),"Replen/Pallets/Putaways", IF(COUNTIF($D38,"*T*"),"Replen/Pallets/Putaways","Lead/Extra"))))))))
A39: Robert Dingle | D39: P/T | E39: NO | F39: Tasking | H39: =IFERROR(VLOOKUP($A39,'Crew Sheet'!#REF!,2,FALSE),"") | I39: =IF($T39<>"x","", IF(TRIM($D39)="P","Picking", IF(AND(COUNTIF($F39,"*Unload*"),COUNTIF($D39,"*U*")),"Unloading", IF(AND(COUNTIF($D39,"*L*"),COUNTIFS($I$1:I38,"Loading",$T$1:T38,"x")<ROUNDUP(_xlfn.XLOOKUP("Loaders",'Crew Sheet'!$H:$H,'Crew Sheet'!$L:$L),0)),"Loading", IF(AND(COUNTIF($D39,"*R*"),COUNTIFS($I$1:I38,"Receiving",$T$1:T38,"x")<ROUNDUP(SUM('Crew Sheet'!$L$10:$L$11),0)),"Receiving", IF(AND(COUNTIF($F39,"*Pick*"),COUNTIF($D39,"*P*")),"Picking", IF(AND(COUNTIF($F39,"*Task*"),COUNTIF($D39,"*T*")),"Replen/Pallets/Putaways", IF(COUNTIF($D39,"*T*"),"Replen/Pallets/Putaways","Lead/Extra"))))))))
A40: Robert Worthington | D40: P/T/L | E40: YES | F40: Tasking | H40: =IFERROR(VLOOKUP($A40,'Crew Sheet'!#REF!,2,FALSE),"") | I40: =IF($T40<>"x","", IF(TRIM($D40)="P","Picking", IF(AND(COUNTIF($F40,"*Unload*"),COUNTIF($D40,"*U*")),"Unloading", IF(AND(COUNTIF($D40,"*L*"),COUNTIFS($I$1:I39,"Loading",$T$1:T39,"x")<ROUNDUP(_xlfn.XLOOKUP("Loaders",'Crew Sheet'!$H:$H,'Crew Sheet'!$L:$L),0)),"Loading", IF(AND(COUNTIF($D40,"*R*"),COUNTIFS($I$1:I39,"Receiving",$T$1:T39,"x")<ROUNDUP(SUM('Crew Sheet'!$L$10:$L$11),0)),"Receiving", IF(AND(COUNTIF($F40,"*Pick*"),COUNTIF($D40,"*P*")),"Picking", IF(AND(COUNTIF($F40,"*Task*"),COUNTIF($D40,"*T*")),"Replen/Pallets/Putaways", IF(COUNTIF($D40,"*T*"),"Replen/Pallets/Putaways","Lead/Extra"))))))))
A41: Saul Castorena | D41: P/T | E41: YES | F41: Tasking | H41: =IFERROR(VLOOKUP($A41,'Crew Sheet'!#REF!,2,FALSE),"") | I41: =IF($T41<>"x","", IF(TRIM($D41)="P","Picking", IF(AND(COUNTIF($F41,"*Unload*"),COUNTIF($D41,"*U*")),"Unloading", IF(AND(COUNTIF($D41,"*L*"),COUNTIFS($I$1:I40,"Loading",$T$1:T40,"x")<ROUNDUP(_xlfn.XLOOKUP("Loaders",'Crew Sheet'!$H:$H,'Crew Sheet'!$L:$L),0)),"Loading", IF(AND(COUNTIF($D41,"*R*"),COUNTIFS($I$1:I40,"Receiving",$T$1:T40,"x")<ROUNDUP(SUM('Crew Sheet'!$L$10:$L$11),0)),"Receiving", IF(AND(COUNTIF($F41,"*Pick*"),COUNTIF($D41,"*P*")),"Picking", IF(AND(COUNTIF($F41,"*Task*"),COUNTIF($D41,"*T*")),"Replen/Pallets/Putaways", IF(COUNTIF($D41,"*T*"),"Replen/Pallets/Putaways","Lead/Extra"))))))))
A42: Taurus Sherrer | D42: P | E42: NO | F42: Picking | H42: =IFERROR(VLOOKUP($A42,'Crew Sheet'!#REF!,2,FALSE),"") | I42: =IF($T42<>"x","", IF(TRIM($D42)="P","Picking", IF(AND(COUNTIF($F42,"*Unload*"),COUNTIF($D42,"*U*")),"Unloading", IF(AND(COUNTIF($D42,"*L*"),COUNTIFS($I$1:I41,"Loading",$T$1:T41,"x")<ROUNDUP(_xlfn.XLOOKUP("Loaders",'Crew Sheet'!$H:$H,'Crew Sheet'!$L:$L),0)),"Loading", IF(AND(COUNTIF($D42,"*R*"),COUNTIFS($I$1:I41,"Receiving",$T$1:T41,"x")<ROUNDUP(SUM('Crew Sheet'!$L$10:$L$11),0)),"Receiving", IF(AND(COUNTIF($F42,"*Pick*"),COUNTIF($D42,"*P*")),"Picking", IF(AND(COUNTIF($F42,"*Task*"),COUNTIF($D42,"*T*")),"Replen/Pallets/Putaways", IF(COUNTIF($D42,"*T*"),"Replen/Pallets/Putaways","Lead/Extra"))))))))
A43: Taylor Belisle | D43: P | F43: Picking | H43: =IFERROR(VLOOKUP($A43,'Crew Sheet'!#REF!,2,FALSE),"") | I43: =IF($T43<>"x","", IF(TRIM($D43)="P","Picking", IF(AND(COUNTIF($F43,"*Unload*"),COUNTIF($D43,"*U*")),"Unloading", IF(AND(COUNTIF($D43,"*L*"),COUNTIFS($I$1:I42,"Loading",$T$1:T42,"x")<ROUNDUP(_xlfn.XLOOKUP("Loaders",'Crew Sheet'!$H:$H,'Crew Sheet'!$L:$L),0)),"Loading", IF(AND(COUNTIF($D43,"*R*"),COUNTIFS($I$1:I42,"Receiving",$T$1:T42,"x")<ROUNDUP(SUM('Crew Sheet'!$L$10:$L$11),0)),"Receiving", IF(AND(COUNTIF($F43,"*Pick*"),COUNTIF($D43,"*P*")),"Picking", IF(AND(COUNTIF($F43,"*Task*"),COUNTIF($D43,"*T*")),"Replen/Pallets/Putaways", IF(COUNTIF($D43,"*T*"),"Replen/Pallets/Putaways","Lead/Extra"))))))))
A44: Terry Thomas | D44: P/T/U | E44: NO | F44: Tasking | H44: =IFERROR(VLOOKUP($A44,'Crew Sheet'!#REF!,2,FALSE),"") | I44: =IF($T44<>"x","", IF(TRIM($D44)="P","Picking", IF(AND(COUNTIF($F44,"*Unload*"),COUNTIF($D44,"*U*")),"Unloading", IF(AND(COUNTIF($D44,"*L*"),COUNTIFS($I$1:I43,"Loading",$T$1:T43,"x")<ROUNDUP(_xlfn.XLOOKUP("Loaders",'Crew Sheet'!$H:$H,'Crew Sheet'!$L:$L),0)),"Loading", IF(AND(COUNTIF($D44,"*R*"),COUNTIFS($I$1:I43,"Receiving",$T$1:T43,"x")<ROUNDUP(SUM('Crew Sheet'!$L$10:$L$11),0)),"Receiving", IF(AND(COUNTIF($F44,"*Pick*"),COUNTIF($D44,"*P*")),"Picking", IF(AND(COUNTIF($F44,"*Task*"),COUNTIF($D44,"*T*")),"Replen/Pallets/Putaways", IF(COUNTIF($D44,"*T*"),"Replen/Pallets/Putaways","Lead/Extra"))))))))
A45: Tim Skaggs | D45: P/T/L | E45: YES | F45: Loading | H45: =IFERROR(VLOOKUP($A45,'Crew Sheet'!#REF!,2,FALSE),"") | I45: =IF($T45<>"x","", IF(TRIM($D45)="P","Picking", IF(AND(COUNTIF($F45,"*Unload*"),COUNTIF($D45,"*U*")),"Unloading", IF(AND(COUNTIF($D45,"*L*"),COUNTIFS($I$1:I44,"Loading",$T$1:T44,"x")<ROUNDUP(_xlfn.XLOOKUP("Loaders",'Crew Sheet'!$H:$H,'Crew Sheet'!$L:$L),0)),"Loading", IF(AND(COUNTIF($D45,"*R*"),COUNTIFS($I$1:I44,"Receiving",$T$1:T44,"x")<ROUNDUP(SUM('Crew Sheet'!$L$10:$L$11),0)),"Receiving", IF(AND(COUNTIF($F45,"*Pick*"),COUNTIF($D45,"*P*")),"Picking", IF(AND(COUNTIF($F45,"*Task*"),COUNTIF($D45,"*T*")),"Replen/Pallets/Putaways", IF(COUNTIF($D45,"*T*"),"Replen/Pallets/Putaways","Lead/Extra"))))))))
A46: Tony Zapata | D46: P/U | E46: YES | F46: Picking | H46: =IFERROR(VLOOKUP($A46,'Crew Sheet'!#REF!,2,FALSE),"") | I46: =IF($T46<>"x","", IF(TRIM($D46)="P","Picking", IF(AND(COUNTIF($F46,"*Unload*"),COUNTIF($D46,"*U*")),"Unloading", IF(AND(COUNTIF($D46,"*L*"),COUNTIFS($I$1:I45,"Loading",$T$1:T45,"x")<ROUNDUP(_xlfn.XLOOKUP("Loaders",'Crew Sheet'!$H:$H,'Crew Sheet'!$L:$L),0)),"Loading", IF(AND(COUNTIF($D46,"*R*"),COUNTIFS($I$1:I45,"Receiving",$T$1:T45,"x")<ROUNDUP(SUM('Crew Sheet'!$L$10:$L$11),0)),"Receiving", IF(AND(COUNTIF($F46,"*Pick*"),COUNTIF($D46,"*P*")),"Picking", IF(AND(COUNTIF($F46,"*Task*"),COUNTIF($D46,"*T*")),"Replen/Pallets/Putaways", IF(COUNTIF($D46,"*T*"),"Replen/Pallets/Putaways","Lead/Extra"))))))))
A47: Tye Lewis | D47: P | E47: YES | F47: Picking | H47: =IFERROR(VLOOKUP($A47,'Crew Sheet'!#REF!,2,FALSE),"") | I47: =IF($T47<>"x","", IF(TRIM($D47)="P","Picking", IF(AND(COUNTIF($F47,"*Unload*"),COUNTIF($D47,"*U*")),"Unloading", IF(AND(COUNTIF($D47,"*L*"),COUNTIFS($I$1:I46,"Loading",$T$1:T46,"x")<ROUNDUP(_xlfn.XLOOKUP("Loaders",'Crew Sheet'!$H:$H,'Crew Sheet'!$L:$L),0)),"Loading", IF(AND(COUNTIF($D47,"*R*"),COUNTIFS($I$1:I46,"Receiving",$T$1:T46,"x")<ROUNDUP(SUM('Crew Sheet'!$L$10:$L$11),0)),"Receiving", IF(AND(COUNTIF($F47,"*Pick*"),COUNTIF($D47,"*P*")),"Picking", IF(AND(COUNTIF($F47,"*Task*"),COUNTIF($D47,"*T*")),"Replen/Pallets/Putaways", IF(COUNTIF($D47,"*T*"),"Replen/Pallets/Putaways","Lead/Extra"))))))))
A48: Ulises Mendoza | D48: T/L | F48: Tasking | H48: =IFERROR(VLOOKUP($A48,'Crew Sheet'!#REF!,2,FALSE),"") | I48: =IF($T48<>"x","", IF(TRIM($D48)="P","Picking", IF(AND(COUNTIF($F48,"*Unload*"),COUNTIF($D48,"*U*")),"Unloading", IF(AND(COUNTIF($D48,"*L*"),COUNTIFS($I$1:I47,"Loading",$T$1:T47,"x")<ROUNDUP(_xlfn.XLOOKUP("Loaders",'Crew Sheet'!$H:$H,'Crew Sheet'!$L:$L),0)),"Loading", IF(AND(COUNTIF($D48,"*R*"),COUNTIFS($I$1:I47,"Receiving",$T$1:T47,"x")<ROUNDUP(SUM('Crew Sheet'!$L$10:$L$11),0)),"Receiving", IF(AND(COUNTIF($F48,"*Pick*"),COUNTIF($D48,"*P*")),"Picking", IF(AND(COUNTIF($F48,"*Task*"),COUNTIF($D48,"*T*")),"Replen/Pallets/Putaways", IF(COUNTIF($D48,"*T*"),"Replen/Pallets/Putaways","Lead/Extra"))))))))
A49: Vernon Plamer | D49: P | E49: NO | F49: Picking | H49: =IFERROR(VLOOKUP(#REF!,'Crew Sheet'!#REF!,2,FALSE),"") | I49: =IF($T49<>"x","", IF(TRIM($D49)="P","Picking", IF(AND(COUNTIF($F49,"*Unload*"),COUNTIF($D49,"*U*")),"Unloading", IF(AND(COUNTIF($D49,"*L*"),COUNTIFS($I$1:I48,"Loading",$T$1:T48,"x")<ROUNDUP(_xlfn.XLOOKUP("Loaders",'Crew Sheet'!$H:$H,'Crew Sheet'!$L:$L),0)),"Loading", IF(AND(COUNTIF($D49,"*R*"),COUNTIFS($I$1:I48,"Receiving",$T$1:T48,"x")<ROUNDUP(SUM('Crew Sheet'!$L$10:$L$11),0)),"Receiving", IF(AND(COUNTIF($F49,"*Pick*"),COUNTIF($D49,"*P*")),"Picking", IF(AND(COUNTIF($F49,"*Task*"),COUNTIF($D49,"*T*")),"Replen/Pallets/Putaways", IF(COUNTIF($D49,"*T*"),"Replen/Pallets/Putaways","Lead/Extra"))))))))
A50: William Webber | D50: P/T/R | H50: =IFERROR(VLOOKUP($A48,'Crew Sheet'!#REF!,2,FALSE),"") | I50: =IF($T50<>"x","", IF(TRIM($D50)="P","Picking", IF(AND(COUNTIF($F50,"*Unload*"),COUNTIF($D50,"*U*")),"Unloading", IF(AND(COUNTIF($D50,"*L*"),COUNTIFS($I$1:I49,"Loading",$T$1:T49,"x")<ROUNDUP(_xlfn.XLOOKUP("Loaders",'Crew Sheet'!$H:$H,'Crew Sheet'!$L:$L),0)),"Loading", IF(AND(COUNTIF($D50,"*R*"),COUNTIFS($I$1:I49,"Receiving",$T$1:T49,"x")<ROUNDUP(SUM('Crew Sheet'!$L$10:$L$11),0)),"Receiving", IF(AND(COUNTIF($F50,"*Pick*"),COUNTIF($D50,"*P*")),"Picking", IF(AND(COUNTIF($F50,"*Task*"),COUNTIF($D50,"*T*")),"Replen/Pallets/Putaways", IF(COUNTIF($D50,"*T*"),"Replen/Pallets/Putaways","Lead/Extra"))))))))
H51: =IFERROR(VLOOKUP($A51,'Crew Sheet'!#REF!,2,FALSE),"") | I51: =IF($T51<>"x","", IF(TRIM($D51)="P","Picking", IF(AND(COUNTIF($F51,"*Unload*"),COUNTIF($D51,"*U*")),"Unloading", IF(AND(COUNTIF($D51,"*L*"),COUNTIFS($I$1:I50,"Loading",$T$1:T50,"x")<ROUNDUP(_xlfn.XLOOKUP("Loaders",'Crew Sheet'!$H:$H,'Crew Sheet'!$L:$L),0)),"Loading", IF(AND(COUNTIF($D51,"*R*"),COUNTIFS($I$1:I50,"Receiving",$T$1:T50,"x")<ROUNDUP(SUM('Crew Sheet'!$L$10:$L$11),0)),"Receiving", IF(AND(COUNTIF($F51,"*Pick*"),COUNTIF($D51,"*P*")),"Picking", IF(AND(COUNTIF($F51,"*Task*"),COUNTIF($D51,"*T*")),"Replen/Pallets/Putaways", IF(COUNTIF($D51,"*T*"),"Replen/Pallets/Putaways","Lead/Extra"))))))))

Sheet Percentage Data
H2: Individual Percentages | L2: Total Percentages
A3: Day | B3: Date | C3: 1st Pallets | D3: 1st Cases | E3: 2nd Pallets | F3: 2nd Cases | G3: Total Cases | H3: Pallets 1st | I3: Pallets 2nd | J3: Cases 1st | K3: Cases 2nd | L3: Total Pallets | M3: Total Case Pick
A4: Sunday | B4: 44927 | C4: =O29*$P$27 -> 0 | D4: 0 | E4: =R29*$P$27 -> 0 | F4: 0 | G4: =SUM(C4:F4) -> 0 | H4: =IFERROR(C4/G4,0) -> 0 | I4: =IFERROR(E4/G4,0) -> 0 | J4: =IFERROR(D4/G4,0) -> 0 | K4: =IFERROR(F4/G4,0) -> 0 | L4: =IFERROR((C4+E4)/G4, 0) -> 0 | M4: =IFERROR((D4+F4)/G4, 0) -> 0 | O4: Row Labels | P4: Average of Pallets 1st | Q4: Average of Cases 1st | R4: Average of Pallets 2nd | S4: Average of Cases 2nd
A5: Monday | B5: 44928 | C5: =O30*$P$27 -> 30674.4 | D5: 26826 | E5: =R30*$P$27 -> 39165.6 | F5: 21626 | G5: =SUM(C5:F5) -> 118292 | H5: =IFERROR(C5/G5,0) -> 0.25931086 | I5: =IFERROR(E5/G5,0) -> 0.33109255 | J5: =IFERROR(D5/G5,0) -> 0.2267778 | K5: =IFERROR(F5/G5,0) -> 0.18281879 | L5: =IFERROR((C5+E5)/G5, 0) -> 0.59040341 | M5: =IFERROR((D5+F5)/G5, 0) -> 0.40959659 | O5: Monday | P5: 0.34063555 | Q5: 0.15641722 | R5: 0.3550314 | S5: 0.13310102
A6: Tuesday | B6: 44929 | C6: =O31*$P$27 -> 27143.2 | D6: 13559 | E6: =R31*$P$27 -> 23596 | F6: 12173 | G6: =SUM(C6:F6) -> 76471.2 | H6: =IFERROR(C6/G6,0) -> 0.3549467 | I6: =IFERROR(E6/G6,0) -> 0.30856061 | J6: =IFERROR(D6/G6,0) -> 0.17730858 | K6: =IFERROR(F6/G6,0) -> 0.15918411 | L6: =IFERROR((C6+E6)/G6, 0) -> 0.66350731 | M6: =IFERROR((D6+F6)/G6, 0) -> 0.33649269 | O6: Sunday | P6: 0.30222286 | Q6: 0.1756715 | R6: 0.34749987 | S6: 0.16719837
A7: Wednesday | B7: 44930 | C7: =O32*$P$27 -> 23021.6 | D7: 16582 | E7: =R32*$P$27 -> 20726.4 | F7: 12763 | G7: =SUM(C7:F7) -> 73093 | H7: =IFERROR(C7/G7,0) -> 0.31496313 | I7: =IFERROR(E7/G7,0) -> 0.28356204 | J7: =IFERROR(D7/G7,0) -> 0.22686167 | K7: =IFERROR(F7/G7,0) -> 0.17461316 | L7: =IFERROR((C7+E7)/G7, 0) -> 0.59852517 | M7: =IFERROR((D7+F7)/G7, 0) -> 0.40147483 | O7: Tuesday | P7: 0.42658459 | Q7: 0.15867091 | R7: 0.28497146 | S7: 0.12977304
A8: Thursday | B8: 44931 | C8: =O33*$P$27 -> 19630.4 | D8: 9434 | E8: =R33*$P$27 -> 12940 | F8: 13341 | G8: =SUM(C8:F8) -> 55345.4 | H8: =IFERROR(C8/G8,0) -> 0.35468892 | I8: =IFERROR(E8/G8,0) -> 0.23380444 | J8: =IFERROR(D8/G8,0) -> 0.1704568 | K8: =IFERROR(F8/G8,0) -> 0.24104984 | L8: =IFERROR((C8+E8)/G8, 0) -> 0.58849335 | M8: =IFERROR((D8+F8)/G8, 0) -> 0.41150665 | O8: Wednesday | P8: 0.37618646 | Q8: 0.15592224 | R8: 0.31393904 | S8: 0.14654486
A9: Friday | B9: 44932 | C9: =O34*$P$27 -> 29177.6 | D9: 11258 | E9: =R34*$P$27 -> 25714.4 | F9: 17614 | G9: =SUM(C9:F9) -> 83764 | H9: =IFERROR(C9/G9,0) -> 0.34833103 | I9: =IFERROR(E9/G9,0) -> 0.30698629 | J9: =IFERROR(D9/G9,0) -> 0.13440141 | K9: =IFERROR(F9/G9,0) -> 0.21028127 | L9: =IFERROR((C9+E9)/G9, 0) -> 0.65531732 | M9: =IFERROR((D9+F9)/G9, 0) -> 0.34468268 | O9: Thursday | P9: 0.37866446 | Q9: 0.16161182 | R9: 0.29851378 | S9: 0.14639513
A10: Saturday | B10: 44933 | C10: =O35*$P$27 -> 32219.2 | D10: 23292 | E10: =R35*$P$27 -> 31100.8 | F10: 19000 | G10: =SUM(C10:F10) -> 105612 | H10: =IFERROR(C10/G10,0) -> 0.30507139 | I10: =IFERROR(E10/G10,0) -> 0.29448169 | J10: =IFERROR(D10/G10,0) -> 0.22054312 | K10: =IFERROR(F10/G10,0) -> 0.1799038 | L10: =IFERROR((C10+E10)/G10, 0) -> 0.59955308 | M10: =IFERROR((D10+F10)/G10, 0) -> 0.40044692 | O10: Friday | P10: 0.38169661 | Q10: 0.15245206 | R10: 0.32050807 | S10: 0.14534325
A11: Sunday | B11: 44934 | C11: =O36*$P$27 -> 26860.8 | D11: 19254 | E11: =R36*$P$27 -> 20231.2 | F11: 15560 | G11: =SUM(C11:F11) -> 81906 | H11: =IFERROR(C11/G11,0) -> 0.32794667 | I11: =IFERROR(E11/G11,0) -> 0.2470051 | J11: =IFERROR(D11/G11,0) -> 0.23507435 | K11: =IFERROR(F11/G11,0) -> 0.18997387 | L11: =IFERROR((C11+E11)/G11, 0) -> 0.57495177 | M11: =IFERROR((D11+F11)/G11, 0) -> 0.42504823 | O11: Saturday | P11: 0.33693287 | Q11: 0.18007834 | R11: 0.3209151 | S11: 0.16207369
A12: Monday | B12: 44935 | C12: =O37*$P$27 -> 16562.4 | D12: 14661 | E12: =R37*$P$27 -> 30276.8 | F12: 10401 | G12: =SUM(C12:F12) -> 71901.2 | H12: =IFERROR(C12/G12,0) -> 0.23034942 | I12: =IFERROR(E12/G12,0) -> 0.42108894 | J12: =IFERROR(D12/G12,0) -> 0.2039048 | K12: =IFERROR(F12/G12,0) -> 0.14465683 | L12: =IFERROR((C12+E12)/G12, 0) -> 0.65143836 | M12: =IFERROR((D12+F12)/G12, 0) -> 0.34856164 | O12: Grand Total | P12: 0.36328317 | Q12: 0.16296789 | R12: 0.32019587 | S12: 0.1471904
A13: Tuesday | B13: 44936 | C13: =O38*$P$27 -> 22522.4 | D13: 8911 | E13: =R38*$P$27 -> 16456.8 | F13: 11517 | G13: =SUM(C13:F13) -> 59407.2 | H13: =IFERROR(C13/G13,0) -> 0.37911903 | I13: =IFERROR(E13/G13,0) -> 0.27701693 | J13: =IFERROR(D13/G13,0) -> 0.14999865 | K13: =IFERROR(F13/G13,0) -> 0.19386539 | L13: =IFERROR((C13+E13)/G13, 0) -> 0.65613596 | M13: =IFERROR((D13+F13)/G13, 0) -> 0.34386404
A14: Wednesday | B14: 44937 | C14: =O39*$P$27 -> 20562.4 | D14: 13487 | E14: =R39*$P$27 -> 20782.4 | F14: 14871 | G14: =SUM(C14:F14) -> 69702.8 | H14: =IFERROR(C14/G14,0) -> 0.29500106 | I14: =IFERROR(E14/G14,0) -> 0.29815732 | J14: =IFERROR(D14/G14,0) -> 0.19349294 | K14: =IFERROR(F14/G14,0) -> 0.21334867 | L14: =IFERROR((C14+E14)/G14, 0) -> 0.59315838 | M14: =IFERROR((D14+F14)/G14, 0) -> 0.40684162
A15: Thursday | B15: 44938 | C15: =O40*$P$27 -> 24068 | D15: 9000 | E15: =R40*$P$27 -> 11156 | F15: 15873 | G15: =SUM(C15:F15) -> 60097 | H15: =IFERROR(C15/G15,0) -> 0.40048588 | I15: =IFERROR(E15/G15,0) -> 0.18563323 | J15: =IFERROR(D15/G15,0) -> 0.14975789 | K15: =IFERROR(F15/G15,0) -> 0.264123 | L15: =IFERROR((C15+E15)/G15, 0) -> 0.58611911 | M15: =IFERROR((D15+F15)/G15, 0) -> 0.41388089 | O15: Shift | P15: 1st
A16: Friday | B16: 44939 | C16: =O41*$P$27 -> 25980.8 | D16: 10394 | E16: =R41*$P$27 -> 14685.6 | F16: 15032 | G16: =SUM(C16:F16) -> 66092.4 | H16: =IFERROR(C16/G16,0) -> 0.39309815 | I16: =IFERROR(E16/G16,0) -> 0.22219801 | J16: =IFERROR(D16/G16,0) -> 0.15726468 | K16: =IFERROR(F16/G16,0) -> 0.22743916 | L16: =IFERROR((C16+E16)/G16, 0) -> 0.61529616 | M16: =IFERROR((D16+F16)/G16, 0) -> 0.38470384 | O16: Shift | P16: 2nd
A17: Saturday | B17: 44940 | C17: =O42*$P$27 -> 32915.2 | D17: 16517 | E17: =R42*$P$27 -> 21107.2 | F17: 18873 | G17: =SUM(C17:F17) -> 89412.4 | H17: =IFERROR(C17/G17,0) -> 0.36812791 | I17: =IFERROR(E17/G17,0) -> 0.23606569 | J17: =IFERROR(D17/G17,0) -> 0.18472829 | K17: =IFERROR(F17/G17,0) -> 0.21107811 | L17: =IFERROR((C17+E17)/G17, 0) -> 0.6041936 | M17: =IFERROR((D17+F17)/G17, 0) -> 0.3958064
A18: Sunday | B18: 44941 | C18: =O43*$P$27 -> 29246.4 | D18: 14870 | E18: =R43*$P$27 -> 16958.4 | F18: 16099 | G18: =SUM(C18:F18) -> 77173.8 | H18: =IFERROR(C18/G18,0) -> 0.37896799 | I18: =IFERROR(E18/G18,0) -> 0.21974297 | J18: =IFERROR(D18/G18,0) -> 0.19268197 | K18: =IFERROR(F18/G18,0) -> 0.20860707 | L18: =IFERROR((C18+E18)/G18, 0) -> 0.59871096 | M18: =IFERROR((D18+F18)/G18, 0) -> 0.40128904 | O18: MFG | P18: YES
A19: Monday | B19: 44942 | C19: =O44*$P$27 -> 24360.8 | D19: 13317 | E19: =R44*$P$27 -> 23732.8 | F19: 15057 | G19: =SUM(C19:F19) -> 76467.6 | H19: =IFERROR(C19/G19,0) -> 0.31857676 | I19: =IFERROR(E19/G19,0) -> 0.31036413 | J19: =IFERROR(D19/G19,0) -> 0.17415219 | K19: =IFERROR(F19/G19,0) -> 0.19690693 | L19: =IFERROR((C19+E19)/G19, 0) -> 0.62894088 | M19: =IFERROR((D19+F19)/G19, 0) -> 0.37105912 | O19: MFG | P19: NO
A20: Tuesday | B20: 44943 | C20: =O45*$P$27 -> 29942.4 | D20: 12847 | E20: =R45*$P$27 -> 20936.8 | F20: 14554 | G20: =SUM(C20:F20) -> 78280.2 | H20: =IFERROR(C20/G20,0) -> 0.38250286 | I20: =IFERROR(E20/G20,0) -> 0.26745972 | J20: =IFERROR(D20/G20,0) -> 0.16411557 | K20: =IFERROR(F20/G20,0) -> 0.18592186 | L20: =IFERROR((C20+E20)/G20, 0) -> 0.64996257 | M20: =IFERROR((D20+F20)/G20, 0) -> 0.35003743 | P20: Trailers | Q20: Pallets per Load | R20: Total Pallets
A21: Wednesday | B21: 44944 | C21: =O46*$P$27 -> 19973.6 | D21: 12228 | E21: =R46*$P$27 -> 17208.8 | F21: 8016 | G21: =SUM(C21:F21) -> 57426.4 | H21: =IFERROR(C21/G21,0) -> 0.34781216 | I21: =IFERROR(E21/G21,0) -> 0.29966705 | J21: =IFERROR(D21/G21,0) -> 0.21293342 | K21: =IFERROR(F21/G21,0) -> 0.13958737 | L21: =IFERROR((C21+E21)/G21, 0) -> 0.64747921 | M21: =IFERROR((D21+F21)/G21, 0) -> 0.35252079 | O21: Crossroads | P21: 35 | Q21: 20 | R21: =Q21*P21 -> 700
A22: Thursday | B22: 44945 | C22: =O47*$P$27 -> 22357.6 | D22: 11952 | E22: =R47*$P$27 -> 13005.6 | F22: 13938 | G22: =SUM(C22:F22) -> 61253.2 | H22: =IFERROR(C22/G22,0) -> 0.36500297 | I22: =IFERROR(E22/G22,0) -> 0.21232523 | J22: =IFERROR(D22/G22,0) -> 0.1951245 | K22: =IFERROR(F22/G22,0) -> 0.2275473 | L22: =IFERROR((C22+E22)/G22, 0) -> 0.5773282 | M22: =IFERROR((D22+F22)/G22, 0) -> 0.4226718 | O22: Deer Creek | P22: 25 | Q22: 20 | R22: =Q22*P22 -> 500
A23: Friday | B23: 44946 | C23: =O48*$P$27 -> 32324 | D23: 14330 | E23: =R48*$P$27 -> 30520.8 | F23: 18541 | G23: =SUM(C23:F23) -> 95715.8 | H23: =IFERROR(C23/G23,0) -> 0.33770809 | I23: =IFERROR(E23/G23,0) -> 0.31886899 | J23: =IFERROR(D23/G23,0) -> 0.14971405 | K23: =IFERROR(F23/G23,0) -> 0.19370888 | L23: =IFERROR((C23+E23)/G23, 0) -> 0.65657708 | M23: =IFERROR((D23+F23)/G23, 0) -> 0.34342292 | O23: MSB | P23: 16 | Q23: 40 | R23: =Q23*P23 -> 640
A24: Saturday | B24: 44947 | C24: =O49*$P$27 -> 26150.4 | D24: 18918 | E24: =R49*$P$27 -> 25116.8 | F24: 22283 | G24: =SUM(C24:F24) -> 92468.2 | H24: =IFERROR(C24/G24,0) -> 0.28280425 | I24: =IFERROR(E24/G24,0) -> 0.27162635 | J24: =IFERROR(D24/G24,0) -> 0.20458925 | K24: =IFERROR(F24/G24,0) -> 0.24098014 | L24: =IFERROR((C24+E24)/G24, 0) -> 0.5544306 | M24: =IFERROR((D24+F24)/G24, 0) -> 0.4455694
A25: Sunday | B25: 44948 | C25: =O50*$P$27 -> 27144 | D25: 19918 | E25: =R50*$P$27 -> 23781.6 | F25: 20213 | G25: =SUM(C25:F25) -> 91056.6 | H25: =IFERROR(C25/G25,0) -> 0.2981003 | I25: =IFERROR(E25/G25,0) -> 0.26117382 | J25: =IFERROR(D25/G25,0) -> 0.21874307 | K25: =IFERROR(F25/G25,0) -> 0.22198281 | L25: =IFERROR((C25+E25)/G25, 0) -> 0.55927412 | M25: =IFERROR((D25+F25)/G25, 0) -> 0.44072588
A26: Monday | B26: 44949 | C26: =O51*$P$27 -> 15788.8 | D26: 14149 | E26: =R51*$P$27 -> 29057.6 | F26: 13160 | G26: =SUM(C26:F26) -> 72155.4 | H26: =IFERROR(C26/G26,0) -> 0.21881661 | I26: =IFERROR(E26/G26,0) -> 0.4027086 | J26: =IFERROR(D26/G26,0) -> 0.19609066 | K26: =IFERROR(F26/G26,0) -> 0.18238413 | L26: =IFERROR((C26+E26)/G26, 0) -> 0.62152521 | M26: =IFERROR((D26+F26)/G26, 0) -> 0.37847479
A27: Tuesday | B27: 44950 | C27: =O52*$P$27 -> 24633.6 | D27: 12640 | E27: =R52*$P$27 -> 16108 | F27: 16573 | G27: =SUM(C27:F27) -> 69954.6 | H27: =IFERROR(C27/G27,0) -> 0.35213696 | I27: =IFERROR(E27/G27,0) -> 0.23026363 | J27: =IFERROR(D27/G27,0) -> 0.18068862 | K27: =IFERROR(F27/G27,0) -> 0.2369108 | L27: =IFERROR((C27+E27)/G27, 0) -> 0.58240059 | M27: =IFERROR((D27+F27)/G27, 0) -> 0.41759941 | O27: New Full Pallets Demand | P27: 0.8
A28: Wednesday | B28: 44951 | C28: =O53*$P$27 -> 26124 | D28: 9635 | E28: =R53*$P$27 -> 23789.6 | F28: 15690 | G28: =SUM(C28:F28) -> 75238.6 | H28: =IFERROR(C28/G28,0) -> 0.34721539 | I28: =IFERROR(E28/G28,0) -> 0.31618876 | J28: =IFERROR(D28/G28,0) -> 0.12805927 | K28: =IFERROR(F28/G28,0) -> 0.20853658 | L28: =IFERROR((C28+E28)/G28, 0) -> 0.66340416 | M28: =IFERROR((D28+F28)/G28, 0) -> 0.33659584
A29: Thursday | B29: 44952 | C29: =O54*$P$27 -> 26372 | D29: 8185 | E29: =R54*$P$27 -> 24186.4 | F29: 10958 | G29: =SUM(C29:F29) -> 69701.4 | H29: =IFERROR(C29/G29,0) -> 0.37835682 | I29: =IFERROR(E29/G29,0) -> 0.3470002 | J29: =IFERROR(D29/G29,0) -> 0.11742949 | K29: =IFERROR(F29/G29,0) -> 0.15721348 | L29: =IFERROR((C29+E29)/G29, 0) -> 0.72535702 | M29: =IFERROR((D29+F29)/G29, 0) -> 0.27464298 | O29: 0 | R29: 0
A30: Friday | B30: 44953 | C30: =O55*$P$27 -> 26620 | D30: 18459 | E30: =R55*$P$27 -> 22437.6 | F30: 17676 | G30: =SUM(C30:F30) -> 85192.6 | H30: =IFERROR(C30/G30,0) -> 0.31246845 | I30: =IFERROR(E30/G30,0) -> 0.26337499 | J30: =IFERROR(D30/G30,0) -> 0.21667375 | K30: =IFERROR(F30/G30,0) -> 0.20748281 | L30: =IFERROR((C30+E30)/G30, 0) -> 0.57584344 | M30: =IFERROR((D30+F30)/G30, 0) -> 0.42415656 | O30: 38343 | R30: 48957
A31: Saturday | B31: 44954 | C31: =O56*$P$27 -> 42900 | D31: 24091 | E31: =R56*$P$27 -> 47440 | F31: 20690 | G31: =SUM(C31:F31) -> 135121 | H31: =IFERROR(C31/G31,0) -> 0.31749321 | I31: =IFERROR(E31/G31,0) -> 0.35109272 | J31: =IFERROR(D31/G31,0) -> 0.17829205 | K31: =IFERROR(F31/G31,0) -> 0.15312202 | L31: =IFERROR((C31+E31)/G31, 0) -> 0.66858593 | M31: =IFERROR((D31+F31)/G31, 0) -> 0.33141407 | O31: 33929 | R31: 29495
A32: Sunday | B32: 44955 | C32: =O57*$P$27 -> 22993.6 | D32: 24232 | E32: =R57*$P$27 -> 30436 | F32: 17450 | G32: =SUM(C32:F32) -> 95111.6 | H32: =IFERROR(C32/G32,0) -> 0.2417539 | I32: =IFERROR(E32/G32,0) -> 0.32000303 | J32: =IFERROR(D32/G32,0) -> 0.25477439 | K32: =IFERROR(F32/G32,0) -> 0.18346868 | L32: =IFERROR((C32+E32)/G32, 0) -> 0.56175693 | M32: =IFERROR((D32+F32)/G32, 0) -> 0.43824307 | O32: 28777 | R32: 25908
A33: Monday | B33: 44956 | C33: =O58*$P$27 -> 26688 | D33: 10362 | E33: =R58*$P$27 -> 26641.6 | F33: 16642 | G33: =SUM(C33:F33) -> 80333.6 | H33: =IFERROR(C33/G33,0) -> 0.33221466 | I33: =IFERROR(E33/G33,0) -> 0.33163707 | J33: =IFERROR(D33/G33,0) -> 0.12898712 | K33: =IFERROR(F33/G33,0) -> 0.20716114 | L33: =IFERROR((C33+E33)/G33, 0) -> 0.66385174 | M33: =IFERROR((D33+F33)/G33, 0) -> 0.33614826 | O33: 24538 | P33: Mon | Q33: =AVERAGE(H5:H943) -> 0.33768135 | R33: 16175
A34: Tuesday | B34: 44957 | C34: =O59*$P$27 -> 27504.8 | D34: 15591 | E34: =R59*$P$27 -> 20148 | F34: 14584 | G34: =SUM(C34:F34) -> 77827.8 | H34: =IFERROR(C34/G34,0) -> 0.35340585 | I34: =IFERROR(E34/G34,0) -> 0.25887922 | J34: =IFERROR(D34/G34,0) -> 0.20032688 | K34: =IFERROR(F34/G34,0) -> 0.18738805 | L34: =IFERROR((C34+E34)/G34, 0) -> 0.61228507 | M34: =IFERROR((D34+F34)/G34, 0) -> 0.38771493 | O34: 36472 | R34: 32143
A35: Wednesday | B35: 44958 | C35: =O60*$P$27 -> 21449.6 | D35: 11561 | E35: =R60*$P$27 -> 22155.2 | F35: 18349 | G35: =SUM(C35:F35) -> 73514.8 | H35: =IFERROR(C35/G35,0) -> 0.29177254 | I35: =IFERROR(E35/G35,0) -> 0.30137061 | J35: =IFERROR(D35/G35,0) -> 0.15726085 | K35: =IFERROR(F35/G35,0) -> 0.249596 | L35: =IFERROR((C35+E35)/G35, 0) -> 0.59314315 | M35: =IFERROR((D35+F35)/G35, 0) -> 0.40685685 | O35: 40274 | R35: 38876
A36: Thursday | B36: 44959 | C36: =O61*$P$27 -> 28936 | D36: 8376 | E36: =R61*$P$27 -> 14684.8 | F36: 14662 | G36: =SUM(C36:F36) -> 66658.8 | H36: =IFERROR(C36/G36,0) -> 0.43409122 | I36: =IFERROR(E36/G36,0) -> 0.220298 | J36: =IFERROR(D36/G36,0) -> 0.12565483 | K36: =IFERROR(F36/G36,0) -> 0.21995595 | L36: =IFERROR((C36+E36)/G36, 0) -> 0.65438922 | M36: =IFERROR((D36+F36)/G36, 0) -> 0.34561078 | O36: 33576 | R36: 25289
A37: Friday | B37: 44960 | C37: =O62*$P$27 -> 38424 | D37: 13965 | E37: =R62*$P$27 -> 32852 | F37: 16210 | G37: =SUM(C37:F37) -> 101451 | H37: =IFERROR(C37/G37,0) -> 0.37874442 | I37: =IFERROR(E37/G37,0) -> 0.32382135 | J37: =IFERROR(D37/G37,0) -> 0.13765266 | K37: =IFERROR(F37/G37,0) -> 0.15978157 | L37: =IFERROR((C37+E37)/G37, 0) -> 0.70256577 | M37: =IFERROR((D37+F37)/G37, 0) -> 0.29743423 | O37: 20703 | R37: 37846
A38: Saturday | B38: 44961 | C38: =O63*$P$27 -> 31611.2 | D38: 24166 | E38: =R63*$P$27 -> 30610.4 | F38: 25256 | G38: =SUM(C38:F38) -> 111643.6 | H38: =IFERROR(C38/G38,0) -> 0.28314386 | I38: =IFERROR(E38/G38,0) -> 0.27417962 | J38: =IFERROR(D38/G38,0) -> 0.21645665 | K38: =IFERROR(F38/G38,0) -> 0.22621986 | L38: =IFERROR((C38+E38)/G38, 0) -> 0.55732348 | M38: =IFERROR((D38+F38)/G38, 0) -> 0.44267652 | O38: 28153 | R38: 20571
A39: Sunday | B39: 44962 | C39: =O64*$P$27 -> 26457.6 | D39: 16684 | E39: =R64*$P$27 -> 22552 | F39: 23072 | G39: =SUM(C39:F39) -> 88765.6 | H39: =IFERROR(C39/G39,0) -> 0.29806141 | I39: =IFERROR(E39/G39,0) -> 0.25406238 | J39: =IFERROR(D39/G39,0) -> 0.18795569 | K39: =IFERROR(F39/G39,0) -> 0.25992051 | L39: =IFERROR((C39+E39)/G39, 0) -> 0.5521238 | M39: =IFERROR((D39+F39)/G39, 0) -> 0.4478762 | O39: 25703 | R39: 25978
A40: Monday | B40: 44963 | C40: =O65*$P$27 -> 28284.8 | D40: 16891 | E40: =R65*$P$27 -> 24792.8 | F40: 13203 | G40: =SUM(C40:F40) -> 83171.6 | H40: =IFERROR(C40/G40,0) -> 0.34007762 | I40: =IFERROR(E40/G40,0) -> 0.29809214 | J40: =IFERROR(D40/G40,0) -> 0.20308615 | K40: =IFERROR(F40/G40,0) -> 0.15874409 | L40: =IFERROR((C40+E40)/G40, 0) -> 0.63816976 | M40: =IFERROR((D40+F40)/G40, 0) -> 0.36183024 | O40: 30085 | Q40: =AVERAGE(I5:I943) -> 0.29742713 | R40: 13945
A41: Tuesday | B41: 44964 | C41: =O66*$P$27 -> 24745.6 | D41: 13639 | E41: =R66*$P$27 -> 19546.4 | F41: 15263 | G41: =SUM(C41:F41) -> 73194 | H41: =IFERROR(C41/G41,0) -> 0.33808236 | I41: =IFERROR(E41/G41,0) -> 0.26704921 | J41: =IFERROR(D41/G41,0) -> 0.18634041 | K41: =IFERROR(F41/G41,0) -> 0.20852802 | L41: =IFERROR((C41+E41)/G41, 0) -> 0.60513157 | M41: =IFERROR((D41+F41)/G41, 0) -> 0.39486843 | O41: 32476 | R41: 18357
A42: Wednesday | B42: 44965 | C42: =O67*$P$27 -> 21887.2 | D42: 10715 | E42: =R67*$P$27 -> 20472 | F42: 14454 | G42: =SUM(C42:F42) -> 67528.2 | H42: =IFERROR(C42/G42,0) -> 0.3241194 | I42: =IFERROR(E42/G42,0) -> 0.30316223 | J42: =IFERROR(D42/G42,0) -> 0.15867445 | K42: =IFERROR(F42/G42,0) -> 0.21404391 | L42: =IFERROR((C42+E42)/G42, 0) -> 0.62728164 | M42: =IFERROR((D42+F42)/G42, 0) -> 0.37271836 | O42: 41144 | R42: 26384
A43: Thursday | B43: 44966 | C43: =O68*$P$27 -> 17064 | D43: 11336 | E43: =R68*$P$27 -> 17417.6 | F43: 13432 | G43: =SUM(C43:F43) -> 59249.6 | H43: =IFERROR(C43/G43,0) -> 0.28800194 | I43: =IFERROR(E43/G43,0) -> 0.29396992 | J43: =IFERROR(D43/G43,0) -> 0.19132619 | K43: =IFERROR(F43/G43,0) -> 0.22670195 | L43: =IFERROR((C43+E43)/G43, 0) -> 0.58197186 | M43: =IFERROR((D43+F43)/G43, 0) -> 0.41802814 | O43: 36558 | R43: 21198
A44: Friday | B44: 44967 | C44: =O69*$P$27 -> 32360.8 | D44: 15821 | E44: =R69*$P$27 -> 29176.8 | F44: 19876 | G44: =SUM(C44:F44) -> 97234.6 | H44: =IFERROR(C44/G44,0) -> 0.33281157 | I44: =IFERROR(E44/G44,0) -> 0.30006603 | J44: =IFERROR(D44/G44,0) -> 0.16270957 | K44: =IFERROR(F44/G44,0) -> 0.20441283 | L44: =IFERROR((C44+E44)/G44, 0) -> 0.6328776 | M44: =IFERROR((D44+F44)/G44, 0) -> 0.3671224 | O44: 30451 | R44: 29666
A45: Saturday | B45: 44968 | C45: =O70*$P$27 -> 38002.4 | D45: 22579 | E45: =R70*$P$27 -> 31776 | F45: 26054 | G45: =SUM(C45:F45) -> 118411.4 | H45: =IFERROR(C45/G45,0) -> 0.32093532 | I45: =IFERROR(E45/G45,0) -> 0.26835254 | J45: =IFERROR(D45/G45,0) -> 0.19068265 | K45: =IFERROR(F45/G45,0) -> 0.22002949 | L45: =IFERROR((C45+E45)/G45, 0) -> 0.58928786 | M45: =IFERROR((D45+F45)/G45, 0) -> 0.41071214 | O45: 37428 | R45: 26171
A46: Sunday | B46: 44969 | C46: =O71*$P$27 -> 20727.2 | D46: 18440 | E46: =R71*$P$27 -> 21780.8 | F46: 17042 | G46: =SUM(C46:F46) -> 77990 | H46: =IFERROR(C46/G46,0) -> 0.26576741 | I46: =IFERROR(E46/G46,0) -> 0.27927683 | J46: =IFERROR(D46/G46,0) -> 0.23644057 | K46: =IFERROR(F46/G46,0) -> 0.21851519 | L46: =IFERROR((C46+E46)/G46, 0) -> 0.54504424 | M46: =IFERROR((D46+F46)/G46, 0) -> 0.45495576 | O46: 24967 | R46: 21511
A47: Monday | B47: 44970 | C47: =O72*$P$27 -> 21544 | D47: 17971 | E47: =R72*$P$27 -> 31902.4 | F47: 13414 | G47: =SUM(C47:F47) -> 84831.4 | H47: =IFERROR(C47/G47,0) -> 0.25396257 | I47: =IFERROR(E47/G47,0) -> 0.3760683 | J47: =IFERROR(D47/G47,0) -> 0.21184373 | K47: =IFERROR(F47/G47,0) -> 0.15812541 | L47: =IFERROR((C47+E47)/G47, 0) -> 0.63003086 | M47: =IFERROR((D47+F47)/G47, 0) -> 0.36996914 | O47: 27947 | Q47: =AVERAGE(J5:J943) -> 0.18888685 | R47: 16257
A48: Tuesday | B48: 44971 | C48: =O73*$P$27 -> 30034.4 | D48: 13113 | E48: =R73*$P$27 -> 16663.2 | F48: 15273 | G48: =SUM(C48:F48) -> 75083.6 | H48: =IFERROR(C48/G48,0) -> 0.40001279 | I48: =IFERROR(E48/G48,0) -> 0.22192862 | J48: =IFERROR(D48/G48,0) -> 0.17464533 | K48: =IFERROR(F48/G48,0) -> 0.20341326 | L48: =IFERROR((C48+E48)/G48, 0) -> 0.62194141 | M48: =IFERROR((D48+F48)/G48, 0) -> 0.37805859 | O48: 40405 | R48: 38151
A49: Wednesday | B49: 44972 | C49: =O74*$P$27 -> 20540.8 | D49: 9156 | E49: =R74*$P$27 -> 18854.4 | F49: 15044 | G49: =SUM(C49:F49) -> 63595.2 | H49: =IFERROR(C49/G49,0) -> 0.32299293 | I49: =IFERROR(E49/G49,0) -> 0.29647521 | J49: =IFERROR(D49/G49,0) -> 0.14397313 | K49: =IFERROR(F49/G49,0) -> 0.23655873 | L49: =IFERROR((C49+E49)/G49, 0) -> 0.61946814 | M49: =IFERROR((D49+F49)/G49, 0) -> 0.38053186 | O49: 32688 | R49: 31396
A50: Thursday | B50: 44973 | C50: =O75*$P$27 -> 20079.2 | D50: 6922 | E50: =R75*$P$27 -> 10575.2 | F50: 14560 | G50: =SUM(C50:F50) -> 52136.4 | H50: =IFERROR(C50/G50,0) -> 0.38512824 | I50: =IFERROR(E50/G50,0) -> 0.20283717 | J50: =IFERROR(D50/G50,0) -> 0.13276713 | K50: =IFERROR(F50/G50,0) -> 0.27926746 | L50: =IFERROR((C50+E50)/G50, 0) -> 0.58796541 | M50: =IFERROR((D50+F50)/G50, 0) -> 0.41203459 | O50: 33930 | R50: 29727
A51: Friday | B51: 44974 | C51: =O76*$P$27 -> 31764 | D51: 14338 | E51: =R76*$P$27 -> 24684 | F51: 18653 | G51: =SUM(C51:F51) -> 89439 | H51: =IFERROR(C51/G51,0) -> 0.35514708 | I51: =IFERROR(E51/G51,0) -> 0.27598699 | J51: =IFERROR(D51/G51,0) -> 0.16031038 | K51: =IFERROR(F51/G51,0) -> 0.20855555 | L51: =IFERROR((C51+E51)/G51, 0) -> 0.63113407 | M51: =IFERROR((D51+F51)/G51, 0) -> 0.36886593 | O51: 19736 | R51: 36322
A52: Saturday | B52: 44975 | C52: =O77*$P$27 -> 38288.8 | D52: 23743 | E52: =R77*$P$27 -> 30962.4 | F52: 22039 | G52: =SUM(C52:F52) -> 115033.2 | H52: =IFERROR(C52/G52,0) -> 0.33284999 | I52: =IFERROR(E52/G52,0) -> 0.26916056 | J52: =IFERROR(D52/G52,0) -> 0.20640128 | K52: =IFERROR(F52/G52,0) -> 0.19158817 | L52: =IFERROR((C52+E52)/G52, 0) -> 0.60201055 | M52: =IFERROR((D52+F52)/G52, 0) -> 0.39798945 | O52: 30792 | R52: 20135
A53: Sunday | B53: 44976 | C53: =O78*$P$27 -> 29437.6 | D53: 22041 | E53: =R78*$P$27 -> 29832.8 | F53: 20881 | G53: =SUM(C53:F53) -> 102192.4 | H53: =IFERROR(C53/G53,0) -> 0.28806056 | I53: =IFERROR(E53/G53,0) -> 0.29192778 | J53: =IFERROR(D53/G53,0) -> 0.2156814 | K53: =IFERROR(F53/G53,0) -> 0.20433026 | L53: =IFERROR((C53+E53)/G53, 0) -> 0.57998834 | M53: =IFERROR((D53+F53)/G53, 0) -> 0.42001166 | O53: 32655 | R53: 29737
A54: Monday | B54: 44977 | C54: =O79*$P$27 -> 19525.6 | D54: 16502 | E54: =R79*$P$27 -> 29690.4 | F54: 15521 | G54: =SUM(C54:F54) -> 81239 | H54: =IFERROR(C54/G54,0) -> 0.24034762 | I54: =IFERROR(E54/G54,0) -> 0.36546979 | J54: =IFERROR(D54/G54,0) -> 0.20312904 | K54: =IFERROR(F54/G54,0) -> 0.19105356 | L54: =IFERROR((C54+E54)/G54, 0) -> 0.6058174 | M54: =IFERROR((D54+F54)/G54, 0) -> 0.3941826 | O54: 32965 | Q54: =AVERAGE(K5:K943) -> 0.17067985 | R54: 30233
A55: Tuesday | B55: 44978 | C55: =O80*$P$27 -> 33358.4 | D55: 15016 | E55: =R80*$P$27 -> 24793.6 | F55: 15841 | G55: =SUM(C55:F55) -> 89009 | H55: =IFERROR(C55/G55,0) -> 0.37477558 | I55: =IFERROR(E55/G55,0) -> 0.27855161 | J55: =IFERROR(D55/G55,0) -> 0.16870204 | K55: =IFERROR(F55/G55,0) -> 0.17797077 | L55: =IFERROR((C55+E55)/G55, 0) -> 0.65332719 | M55: =IFERROR((D55+F55)/G55, 0) -> 0.34667281 | O55: 33275 | Q55: =AVERAGE(H6:H944) -> 0.33783233 | R55: 28047
A56: Wednesday | B56: 44979 | C56: =O81*$P$27 -> 23513.6 | D56: 16309 | E56: =R81*$P$27 -> 24716.8 | F56: 9941 | G56: =SUM(C56:F56) -> 74480.4 | H56: =IFERROR(C56/G56,0) -> 0.31570185 | I56: =IFERROR(E56/G56,0) -> 0.33185643 | J56: =IFERROR(D56/G56,0) -> 0.21897036 | K56: =IFERROR(F56/G56,0) -> 0.13347136 | L56: =IFERROR((C56+E56)/G56, 0) -> 0.64755828 | M56: =IFERROR((D56+F56)/G56, 0) -> 0.35244172 | O56: 53625 | R56: 59300
A57: Thursday | B57: 44980 | C57: =O82*$P$27 -> 24112.8 | D57: 7798 | E57: =R82*$P$27 -> 16870.4 | F57: 10840 | G57: =SUM(C57:F57) -> 59621.2 | H57: =IFERROR(C57/G57,0) -> 0.40443332 | I57: =IFERROR(E57/G57,0) -> 0.28295975 | J57: =IFERROR(D57/G57,0) -> 0.1307924 | K57: =IFERROR(F57/G57,0) -> 0.18181452 | L57: =IFERROR((C57+E57)/G57, 0) -> 0.68739307 | M57: =IFERROR((D57+F57)/G57, 0) -> 0.31260693 | O57: 28742 | R57: 38045
A58: Friday | B58: 44981 | C58: =O83*$P$27 -> 28830.4 | D58: 16262 | E58: =R83*$P$27 -> 28490.4 | F58: 19311 | G58: =SUM(C58:F58) -> 92893.8 | H58: =IFERROR(C58/G58,0) -> 0.31035871 | I58: =IFERROR(E58/G58,0) -> 0.30669862 | J58: =IFERROR(D58/G58,0) -> 0.17506012 | K58: =IFERROR(F58/G58,0) -> 0.20788255 | L58: =IFERROR((C58+E58)/G58, 0) -> 0.61705733 | M58: =IFERROR((D58+F58)/G58, 0) -> 0.38294267 | O58: 33360 | R58: 33302
A59: Saturday | B59: 44982 | C59: =O84*$P$27 -> 37399.2 | D59: 25678 | E59: =R84*$P$27 -> 36993.6 | F59: 20918 | G59: =SUM(C59:F59) -> 120988.8 | H59: =IFERROR(C59/G59,0) -> 0.30911291 | I59: =IFERROR(E59/G59,0) -> 0.30576053 | J59: =IFERROR(D59/G59,0) -> 0.21223452 | K59: =IFERROR(F59/G59,0) -> 0.17289204 | L59: =IFERROR((C59+E59)/G59, 0) -> 0.61487344 | M59: =IFERROR((D59+F59)/G59, 0) -> 0.38512656 | O59: 34381 | R59: 25185
A60: Sunday | B60: 44983 | C60: =O85*$P$27 -> 30242.4 | D60: 20504 | E60: =R85*$P$27 -> 28545.6 | F60: 22357 | G60: =SUM(C60:F60) -> 101649 | H60: =IFERROR(C60/G60,0) -> 0.29751793 | I60: =IFERROR(E60/G60,0) -> 0.28082519 | J60: =IFERROR(D60/G60,0) -> 0.20171374 | K60: =IFERROR(F60/G60,0) -> 0.21994314 | L60: =IFERROR((C60+E60)/G60, 0) -> 0.57834312 | M60: =IFERROR((D60+F60)/G60, 0) -> 0.42165688 | O60: 26812 | R60: 27694
A61: Monday | B61: 44984 | C61: =O86*$P$27 -> 30214.4 | D61: 15553 | E61: =R86*$P$27 -> 26282.4 | F61: 13292 | G61: =SUM(C61:F61) -> 85341.8 | H61: =IFERROR(C61/G61,0) -> 0.35403987 | I61: =IFERROR(E61/G61,0) -> 0.30796632 | J61: =IFERROR(D61/G61,0) -> 0.18224364 | K61: =IFERROR(F61/G61,0) -> 0.15575017 | L61: =IFERROR((C61+E61)/G61, 0) -> 0.66200619 | M61: =IFERROR((D61+F61)/G61, 0) -> 0.33799381 | O61: 36170 | P61: Tues | R61: 18356
A62: Tuesday | B62: 44985 | C62: =O87*$P$27 -> 31996.8 | D62: 10761 | E62: =R87*$P$27 -> 15588 | F62: 12243 | G62: =SUM(C62:F62) -> 70588.8 | H62: =IFERROR(C62/G62,0) -> 0.45328437 | I62: =IFERROR(E62/G62,0) -> 0.22082823 | J62: =IFERROR(D62/G62,0) -> 0.15244628 | K62: =IFERROR(F62/G62,0) -> 0.17344111 | L62: =IFERROR((C62+E62)/G62, 0) -> 0.67411261 | M62: =IFERROR((D62+F62)/G62, 0) -> 0.32588739 | O62: 48030 | Q62: =AVERAGE(I6:I944) -> 0.29738968 | R62: 41065
A63: Wednesday | B63: 44986 | C63: =O88*$P$27 -> 25878.4 | D63: 10152 | E63: =R88*$P$27 -> 17455.2 | F63: 16262 | G63: =SUM(C63:F63) -> 69747.6 | H63: =IFERROR(C63/G63,0) -> 0.37102925 | I63: =IFERROR(E63/G63,0) -> 0.25026237 | J63: =IFERROR(D63/G63,0) -> 0.1455534 | K63: =IFERROR(F63/G63,0) -> 0.23315498 | L63: =IFERROR((C63+E63)/G63, 0) -> 0.62129163 | M63: =IFERROR((D63+F63)/G63, 0) -> 0.37870837 | O63: 39514 | R63: 38263
A64: Thursday | B64: 44987 | C64: =O89*$P$27 -> 12040.8 | D64: 9785 | E64: =R89*$P$27 -> 16835.2 | F64: 13824 | G64: =SUM(C64:F64) -> 52485 | H64: =IFERROR(C64/G64,0) -> 0.22941412 | I64: =IFERROR(E64/G64,0) -> 0.32076212 | J64: =IFERROR(D64/G64,0) -> 0.18643422 | K64: =IFERROR(F64/G64,0) -> 0.26338954 | L64: =IFERROR((C64+E64)/G64, 0) -> 0.55017624 | M64: =IFERROR((D64+F64)/G64, 0) -> 0.44982376 | O64: 33072 | R64: 28190
A65: Friday | B65: 44988 | C65: =O90*$P$27 -> 32123.2 | D65: 17511 | E65: =R90*$P$27 -> 32942.4 | F65: 20546 | G65: =SUM(C65:F65) -> 103122.6 | H65: =IFERROR(C65/G65,0) -> 0.31150495 | I65: =IFERROR(E65/G65,0) -> 0.31944889 | J65: =IFERROR(D65/G65,0) -> 0.16980759 | K65: =IFERROR(F65/G65,0) -> 0.19923858 | L65: =IFERROR((C65+E65)/G65, 0) -> 0.63095384 | M65: =IFERROR((D65+F65)/G65, 0) -> 0.36904616 | O65: 35356 | R65: 30991
A66: Saturday | B66: 44989 | C66: =O91*$P$27 -> 23468 | D66: 21912 | E66: =R91*$P$27 -> 28276.8 | F66: 23714 | G66: =SUM(C66:F66) -> 97370.8 | H66: =IFERROR(C66/G66,0) -> 0.24101681 | I66: =IFERROR(E66/G66,0) -> 0.29040328 | J66: =IFERROR(D66/G66,0) -> 0.22503666 | K66: =IFERROR(F66/G66,0) -> 0.24354324 | L66: =IFERROR((C66+E66)/G66, 0) -> 0.5314201 | M66: =IFERROR((D66+F66)/G66, 0) -> 0.4685799 | O66: 30932 | R66: 24433
A67: Sunday | B67: 44990 | C67: =O92*$P$27 -> 27656.8 | D67: 24880 | E67: =R92*$P$27 -> 31528 | F67: 22981 | G67: =SUM(C67:F67) -> 107045.8 | H67: =IFERROR(C67/G67,0) -> 0.25836418 | I67: =IFERROR(E67/G67,0) -> 0.29452814 | J67: =IFERROR(D67/G67,0) -> 0.23242388 | K67: =IFERROR(F67/G67,0) -> 0.21468381 | L67: =IFERROR((C67+E67)/G67, 0) -> 0.55289231 | M67: =IFERROR((D67+F67)/G67, 0) -> 0.44710769 | O67: 27359 | R67: 25590
A68: Monday | B68: 44991 | C68: =O93*$P$27 -> 27994.4 | D68: 15957 | E68: =R93*$P$27 -> 28899.2 | F68: 14313 | G68: =SUM(C68:F68) -> 87163.6 | H68: =IFERROR(C68/G68,0) -> 0.32117076 | I68: =IFERROR(E68/G68,0) -> 0.33155124 | J68: =IFERROR(D68/G68,0) -> 0.18306954 | K68: =IFERROR(F68/G68,0) -> 0.16420845 | L68: =IFERROR((C68+E68)/G68, 0) -> 0.65272201 | M68: =IFERROR((D68+F68)/G68, 0) -> 0.34727799 | O68: 21330 | R68: 21772
A69: Tuesday | B69: 44992 | C69: =O94*$P$27 -> 27667.2 | D69: 9998 | E69: =R94*$P$27 -> 22607.2 | F69: 11744 | G69: =SUM(C69:F69) -> 72016.4 | H69: =IFERROR(C69/G69,0) -> 0.38417916 | I69: =IFERROR(E69/G69,0) -> 0.31391739 | J69: =IFERROR(D69/G69,0) -> 0.13882949 | K69: =IFERROR(F69/G69,0) -> 0.16307397 | L69: =IFERROR((C69+E69)/G69, 0) -> 0.69809654 | M69: =IFERROR((D69+F69)/G69, 0) -> 0.30190346 | O69: 40451 | R69: 36471
A70: Wednesday | B70: 44993 | C70: =O95*$P$27 -> 20245.6 | D70: 12891 | E70: =R95*$P$27 -> 23863.2 | F70: 15339 | G70: =SUM(C70:F70) -> 72338.8 | H70: =IFERROR(C70/G70,0) -> 0.27987194 | I70: =IFERROR(E70/G70,0) -> 0.32988106 | J70: =IFERROR(D70/G70,0) -> 0.17820312 | K70: =IFERROR(F70/G70,0) -> 0.21204388 | L70: =IFERROR((C70+E70)/G70, 0) -> 0.609753 | M70: =IFERROR((D70+F70)/G70, 0) -> 0.390247 | O70: 47503 | R70: 39720
A71: Thursday | B71: 44994 | C71: =O96*$P$27 -> 21977.6 | D71: 11675 | E71: =R96*$P$27 -> 20020 | F71: 16097 | G71: =SUM(C71:F71) -> 69769.6 | H71: =IFERROR(C71/G71,0) -> 0.31500252 | I71: =IFERROR(E71/G71,0) -> 0.28694446 | J71: =IFERROR(D71/G71,0) -> 0.16733649 | K71: =IFERROR(F71/G71,0) -> 0.23071653 | L71: =IFERROR((C71+E71)/G71, 0) -> 0.60194698 | M71: =IFERROR((D71+F71)/G71, 0) -> 0.39805302 | O71: 25909 | R71: 27226
A72: Friday | B72: 44995 | C72: =O97*$P$27 -> 32732 | D72: 16633 | E72: =R97*$P$27 -> 19832 | F72: 18863 | G72: =SUM(C72:F72) -> 88060 | H72: =IFERROR(C72/G72,0) -> 0.37170111 | I72: =IFERROR(E72/G72,0) -> 0.22521008 | J72: =IFERROR(D72/G72,0) -> 0.18888258 | K72: =IFERROR(F72/G72,0) -> 0.21420622 | L72: =IFERROR((C72+E72)/G72, 0) -> 0.5969112 | M72: =IFERROR((D72+F72)/G72, 0) -> 0.4030888 | O72: 26930 | R72: 39878
A73: Saturday | B73: 44996 | C73: =O98*$P$27 -> 34081.6 | D73: 22207 | E73: =R98*$P$27 -> 34072 | F73: 19405 | G73: =SUM(C73:F73) -> 109765.6 | H73: =IFERROR(C73/G73,0) -> 0.31049436 | I73: =IFERROR(E73/G73,0) -> 0.3104069 | J73: =IFERROR(D73/G73,0) -> 0.20231293 | K73: =IFERROR(F73/G73,0) -> 0.17678581 | L73: =IFERROR((C73+E73)/G73, 0) -> 0.62090127 | M73: =IFERROR((D73+F73)/G73, 0) -> 0.37909873 | O73: 37543 | R73: 20829
A74: Sunday | B74: 44997 | C74: =O99*$P$27 -> 30958.4 | D74: 25109 | E74: =R99*$P$27 -> 31184 | F74: 24977 | G74: =SUM(C74:F74) -> 112228.4 | H74: =IFERROR(C74/G74,0) -> 0.27585175 | I74: =IFERROR(E74/G74,0) -> 0.27786193 | J74: =IFERROR(D74/G74,0) -> 0.22373125 | K74: =IFERROR(F74/G74,0) -> 0.22255508 | L74: =IFERROR((C74+E74)/G74, 0) -> 0.55371368 | M74: =IFERROR((D74+F74)/G74, 0) -> 0.44628632 | O74: 25676 | R74: 23568
... A87: Saturday | B87: 45010 | C87: =O112*$P$27 -> 44625.6 | D87: 16966 | E87: =R112*$P$27 -> 33601.6 | F87: 20828 | G87: =SUM(C87:F87) -> 116021.2 | H87: =IFERROR(C87/G87,0) -> 0.38463315 | I87: =IFERROR(E87/G87,0) -> 0.28961604 | J87: =IFERROR(D87/G87,0) -> 0.1462319 | K87: =IFERROR(F87/G87,0) -> 0.17951892 | L87: =IFERROR((C87+E87)/G87, 0) -> 0.67424919 | M87: =IFERROR((D87+F87)/G87, 0) -> 0.32575081 | O87: 39996 | R87: 19485
A88: Sunday | B88: 45011 | C88: =O113*$P$27 -> 29312.8 | D88: 22537 | E88: =R113*$P$27 -> 44603.2 | F88: 20351 | G88: =SUM(C88:F88) -> 116804 | H88: =IFERROR(C88/G88,0) -> 0.25095716 | I88: =IFERROR(E88/G88,0) -> 0.38186363 | J88: =IFERROR(D88/G88,0) -> 0.19294716 | K88: =IFERROR(F88/G88,0) -> 0.17423205 | L88: =IFERROR((C88+E88)/G88, 0) -> 0.63282079 | M88: =IFERROR((D88+F88)/G88, 0) -> 0.36717921 | O88: 32348 | Q88: =AVERAGE(H4:H942) -> 0.33745259 | R88: 21819
A89: Monday | B89: 45012 | C89: =O114*$P$27 -> 50592 | D89: 19012 | E89: =R114*$P$27 -> 30032 | F89: 17154 | G89: =SUM(C89:F89) -> 116790 | H89: =IFERROR(C89/G89,0) -> 0.43318777 | I89: =IFERROR(E89/G89,0) -> 0.2571453 | J89: =IFERROR(D89/G89,0) -> 0.16278791 | K89: =IFERROR(F89/G89,0) -> 0.14687901 | L89: =IFERROR((C89+E89)/G89, 0) -> 0.69033308 | M89: =IFERROR((D89+F89)/G89, 0) -> 0.30966692 | O89: 15051 | R89: 21044
A90: Tuesday | B90: 45013 | C90: =O115*$P$27 -> 50200 | D90: 17493 | E90: =R115*$P$27 -> 29896 | F90: 17543 | G90: =SUM(C90:F90) -> 115132 | H90: =IFERROR(C90/G90,0) -> 0.43602126 | I90: =IFERROR(E90/G90,0) -> 0.25966716 | J90: =IFERROR(D90/G90,0) -> 0.15193864 | K90: =IFERROR(F90/G90,0) -> 0.15237293 | L90: =IFERROR((C90+E90)/G90, 0) -> 0.69568843 | M90: =IFERROR((D90+F90)/G90, 0) -> 0.30431157 | O90: 40154 | R90: 41178
A91: Wednesday | B91: 45014 | C91: =O116*$P$27 -> 31188 | D91: 15407 | E91: =R116*$P$27 -> 29574.4 | F91: 16881 | G91: =SUM(C91:F91) -> 93050.4 | H91: =IFERROR(C91/G91,0) -> 0.3351732 | I91: =IFERROR(E91/G91,0) -> 0.31783206 | J91: =IFERROR(D91/G91,0) -> 0.16557693 | K91: =IFERROR(F91/G91,0) -> 0.18141781 | L91: =IFERROR((C91+E91)/G91, 0) -> 0.65300525 | M91: =IFERROR((D91+F91)/G91, 0) -> 0.34699475 | O91: 29335 | R91: 35346
A92: Thursday | B92: 45015 | C92: =O117*$P$27 -> 28138.4 | D92: 8505 | E92: =R117*$P$27 -> 26740 | F92: 13119 | G92: =SUM(C92:F92) -> 76502.4 | H92: =IFERROR(C92/G92,0) -> 0.36781068 | I92: =IFERROR(E92/G92,0) -> 0.34953152 | J92: =IFERROR(D92/G92,0) -> 0.11117298 | K92: =IFERROR(F92/G92,0) -> 0.17148482 | L92: =IFERROR((C92+E92)/G92, 0) -> 0.7173422 | M92: =IFERROR((D92+F92)/G92, 0) -> 0.2826578 | O92: 34571 | R92: 39410
A93: Friday | B93: 45016 | C93: =O118*$P$27 -> 30889.6 | D93: 15109 | E93: =R118*$P$27 -> 16611.2 | F93: 15868 | G93: =SUM(C93:F93) -> 78477.8 | H93: =IFERROR(C93/G93,0) -> 0.3936094 | I93: =IFERROR(E93/G93,0) -> 0.2116675 | J93: =IFERROR(D93/G93,0) -> 0.19252578 | K93: =IFERROR(F93/G93,0) -> 0.20219731 | L93: =IFERROR((C93+E93)/G93, 0) -> 0.60527691 | M93: =IFERROR((D93+F93)/G93, 0) -> 0.39472309 | O93: 34993 | R93: 36124
A94: Saturday | B94: 45017 | C94: =O119*$P$27 -> 32755.2 | D94: 19155 | E94: =R119*$P$27 -> 49447.2 | F94: 25345 | G94: =SUM(C94:F94) -> 126702.4 | H94: =IFERROR(C94/G94,0) -> 0.25852075 | I94: =IFERROR(E94/G94,0) -> 0.39026254 | J94: =IFERROR(D94/G94,0) -> 0.15118104 | K94: =IFERROR(F94/G94,0) -> 0.20003567 | L94: =IFERROR((C94+E94)/G94, 0) -> 0.64878329 | M94: =IFERROR((D94+F94)/G94, 0) -> 0.35121671 | O94: 34584 | R94: 28259
A95: Sunday | B95: 45018 | C95: =O120*$P$27 -> 35458.4 | D95: 21554 | E95: =R120*$P$27 -> 29027.2 | F95: 17769 | G95: =SUM(C95:F95) -> 103808.6 | H95: =IFERROR(C95/G95,0) -> 0.34157478 | I95: =IFERROR(E95/G95,0) -> 0.2796223 | J95: =IFERROR(D95/G95,0) -> 0.20763212 | K95: =IFERROR(F95/G95,0) -> 0.17117079 | L95: =IFERROR((C95+E95)/G95, 0) -> 0.62119709 | M95: =IFERROR((D95+F95)/G95, 0) -> 0.37880291 | O95: 25307 | Q95: =AVERAGE(I4:I942) -> 0.29700043 | R95: 29829
A96: Monday | B96: 45019 | C96: =O121*$P$27 -> 33820 | D96: 23633 | E96: =R121*$P$27 -> 37420.8 | F96: 13083 | G96: =SUM(C96:F96) -> 107956.8 | H96: =IFERROR(C96/G96,0) -> 0.31327346 | I96: =IFERROR(E96/G96,0) -> 0.34662754 | J96: =IFERROR(D96/G96,0) -> 0.21891164 | K96: =IFERROR(F96/G96,0) -> 0.12118736 | L96: =IFERROR((C96+E96)/G96, 0) -> 0.659901 | M96: =IFERROR((D96+F96)/G96, 0) -> 0.340099 | O96: 27472 | R96: 25025
A97: Tuesday | B97: 45020 | C97: =O122*$P$27 -> 26758.4 | D97: 17452 | E97: =R122*$P$27 -> 19073.6 | F97: 12879 | G97: =SUM(C97:F97) -> 76163 | H97: =IFERROR(C97/G97,0) -> 0.3513307 | I97: =IFERROR(E97/G97,0) -> 0.25043131 | J97: =IFERROR(D97/G97,0) -> 0.22914013 | K97: =IFERROR(F97/G97,0) -> 0.16909786 | L97: =IFERROR((C97+E97)/G97, 0) -> 0.60176201 | M97: =IFERROR((D97+F97)/G97, 0) -> 0.39823799 | O97: 40915 | R97: 24790
A98: Wednesday | B98: 45021 | C98: =O123*$P$27 -> 20317.6 | D98: 14092 | E98: =R123*$P$27 -> 31181.6 | F98: 13248 | G98: =SUM(C98:F98) -> 78839.2 | H98: =IFERROR(C98/G98,0) -> 0.25770936 | I98: =IFERROR(E98/G98,0) -> 0.39550883 | J98: =IFERROR(D98/G98,0) -> 0.17874357 | K98: =IFERROR(F98/G98,0) -> 0.16803823 | L98: =IFERROR((C98+E98)/G98, 0) -> 0.6532182 | M98: =IFERROR((D98+F98)/G98, 0) -> 0.3467818 | O98: 42602 | R98: 42590
A99: Thursday | B99: 45022 | C99: =O124*$P$27 -> 26210.4 | D99: 17345 | E99: =R124*$P$27 -> 21973.6 | F99: 17543 | G99: =SUM(C99:F99) -> 83072 | H99: =IFERROR(C99/G99,0) -> 0.31551425 | I99: =IFERROR(E99/G99,0) -> 0.26451271 | J99: =IFERROR(D99/G99,0) -> 0.20879478 | K99: =IFERROR(F99/G99,0) -> 0.21117826 | L99: =IFERROR((C99+E99)/G99, 0) -> 0.58002696 | M99: =IFERROR((D99+F99)/G99, 0) -> 0.41997304 | O99: 38698 | R99: 38980
A100: Friday | B100: 45023 | C100: =O125*$P$27 -> 24206.4 | D100: 14138 | E100: =R125*$P$27 -> 30988 | F100: 18388 | G100: =SUM(C100:F100) -> 87720.4 | H100: =IFERROR(C100/G100,0) -> 0.27594949 | I100: =IFERROR(E100/G100,0) -> 0.35325876 | J100: =IFERROR(D100/G100,0) -> 0.16117118 | K100: =IFERROR(F100/G100,0) -> 0.20962057 | L100: =IFERROR((C100+E100)/G100, 0) -> 0.62920826 | M100: =IFERROR((D100+F100)/G100, 0) -> 0.37079174 | O100: 32595 | R100: 36306
A101: Saturday | B101: 45024 | C101: =O126*$P$27 -> 30232.8 | D101: 22197 | E101: =R126*$P$27 -> 33456.8 | F101: 27810 | G101: =SUM(C101:F101) -> 113696.6 | H101: =IFERROR(C101/G101,0) -> 0.26590769 | I101: =IFERROR(E101/G101,0) -> 0.29426386 | J101: =IFERROR(D101/G101,0) -> 0.19523011 | K101: =IFERROR(F101/G101,0) -> 0.24459834 | L101: =IFERROR((C101+E101)/G101, 0) -> 0.56017154 | M101: =IFERROR((D101+F101)/G101, 0) -> 0.43982846 | O101: 38140 | R101: 32374
A102: Sunday | B102: 45025 | C102: =O127*$P$27 -> 33759.2 | D102: 20154 | E102: =R127*$P$27 -> 18691.2 | F102: 21557 | G102: =SUM(C102:F102) -> 94161.4 | H102: =IFERROR(C102/G102,0) -> 0.35852483 | I102: =IFERROR(E102/G102,0) -> 0.19850172 | J102: =IFERROR(D102/G102,0) -> 0.21403675 | K102: =IFERROR(F102/G102,0) -> 0.2289367 | L102: =IFERROR((C102+E102)/G102, 0) -> 0.55702655 | M102: =IFERROR((D102+F102)/G102, 0) -> 0.44297345 | O102: 27257 | Q102: =AVERAGE(J4:J942) -> 0.18870628 | R102: 31711
A103: Monday | B103: 45026 | C103: =O128*$P$27 -> 31815.2 | D103: 13524 | E103: =R128*$P$27 -> 34848.8 | F103: 10942 | G103: =SUM(C103:F103) -> 91130 | H103: =IFERROR(C103/G103,0) -> 0.34911884 | I103: =IFERROR(E103/G103,0) -> 0.38240755 | J103: =IFERROR(D103/G103,0) -> 0.14840338 | K103: =IFERROR(F103/G103,0) -> 0.12007023 | L103: =IFERROR((C103+E103)/G103, 0) -> 0.73152639 | M103: =IFERROR((D103+F103)/G103, 0) -> 0.26847361 | O103: 20212 | R103: 32660
A104: Tuesday | B104: 45027 | C104: =O129*$P$27 -> 30308 | D104: 14475 | E104: =R129*$P$27 -> 21073.6 | F104: 16034 | G104: =SUM(C104:F104) -> 81890.6 | H104: =IFERROR(C104/G104,0) -> 0.37010353 | I104: =IFERROR(E104/G104,0) -> 0.25733845 | J104: =IFERROR(D104/G104,0) -> 0.17676021 | K104: =IFERROR(F104/G104,0) -> 0.19579781 | L104: =IFERROR((C104+E104)/G104, 0) -> 0.62744198 | M104: =IFERROR((D104+F104)/G104, 0) -> 0.37255802 | O104: 36652 | R104: 31487
A105: Wednesday | B105: 45028 | C105: =O130*$P$27 -> 31648 | D105: 11965 | E105: =R130*$P$27 -> 13729.6 | F105: 9637 | G105: =SUM(C105:F105) -> 66979.6 | H105: =IFERROR(C105/G105,0) -> 0.47250208 | I105: =IFERROR(E105/G105,0) -> 0.20498182 | J105: =IFERROR(D105/G105,0) -> 0.17863648 | K105: =IFERROR(F105/G105,0) -> 0.14387963 | L105: =IFERROR((C105+E105)/G105, 0) -> 0.67748389 | M105: =IFERROR((D105+F105)/G105, 0) -> 0.32251611 | O105: 49455 | R105: 39045
A106: Thursday | B106: 45029 | C106: =O131*$P$27 -> 25472 | D106: 14393 | E106: =R131*$P$27 -> 21384.8 | F106: 14592 | G106: =SUM(C106:F106) -> 75841.8 | H106: =IFERROR(C106/G106,0) -> 0.33585701 | I106: =IFERROR(E106/G106,0) -> 0.28196588 | J106: =IFERROR(D106/G106,0) -> 0.18977661 | K106: =IFERROR(F106/G106,0) -> 0.1924005 | L106: =IFERROR((C106+E106)/G106, 0) -> 0.61782289 | M106: =IFERROR((D106+F106)/G106, 0) -> 0.38217711 | O106: 53436 | R106: 49192
A107: Friday | B107: 45030 | C107: =O132*$P$27 -> 29405.6 | D107: 23306 | E107: =R132*$P$27 -> 38780 | F107: 17318 | G107: =SUM(C107:F107) -> 108809.6 | H107: =IFERROR(C107/G107,0) -> 0.27024821 | I107: =IFERROR(E107/G107,0) -> 0.35640238 | J107: =IFERROR(D107/G107,0) -> 0.21419066 | K107: =IFERROR(F107/G107,0) -> 0.15915875 | L107: =IFERROR((C107+E107)/G107, 0) -> 0.62665059 | M107: =IFERROR((D107+F107)/G107, 0) -> 0.37334941 | O107: 59804 | R107: 44221
A108: Saturday | B108: 45031 | C108: =O133*$P$27 -> 37647.2 | D108: 25428 | E108: =R133*$P$27 -> 34512 | F108: 19123 | G108: =SUM(C108:F108) -> 116710.2 | H108: =IFERROR(C108/G108,0) -> 0.32256992 | I108: =IFERROR(E108/G108,0) -> 0.2957068 | J108: =IFERROR(D108/G108,0) -> 0.21787299 | K108: =IFERROR(F108/G108,0) -> 0.16385029 | L108: =IFERROR((C108+E108)/G108, 0) -> 0.61827672 | M108: =IFERROR((D108+F108)/G108, 0) -> 0.38172328 | O108: 47206 | Q108: {=ave} -> #NAME? | R108: 31837
A109: Sunday | B109: 45032 | C109: =O134*$P$27 -> 33143.2 | D109: 27553 | E109: =R134*$P$27 -> 32310.4 | F109: 20730 | G109: =SUM(C109:F109) -> 113736.6 | H109: =IFERROR(C109/G109,0) -> 0.29140312 | I109: =IFERROR(E109/G109,0) -> 0.28408094 | J109: =IFERROR(D109/G109,0) -> 0.24225271 | K109: =IFERROR(F109/G109,0) -> 0.18226323 | L109: =IFERROR((C109+E109)/G109, 0) -> 0.57548406 | M109: =IFERROR((D109+F109)/G109, 0) -> 0.42451594 | O109: 40916 | Q109: =AVERAGE(K4:K942) -> 0.17045093 | R109: 33872
A110: Monday | B110: 45033 | C110: =O135*$P$27 -> 32760.8 | D110: 23935 | E110: =R135*$P$27 -> 32598.4 | F110: 12673 | G110: =SUM(C110:F110) -> 101967.2 | H110: =IFERROR(C110/G110,0) -> 0.32128763 | I110: =IFERROR(E110/G110,0) -> 0.31969496 | J110: =IFERROR(D110/G110,0) -> 0.23473235 | K110: =IFERROR(F110/G110,0) -> 0.12428506 | L110: =IFERROR((C110+E110)/G110, 0) -> 0.64098259 | M110: =IFERROR((D110+F110)/G110, 0) -> 0.35901741 | O110: 41887 | R110: 25849
A111: Tuesday | B111: 45034 | C111: =O136*$P$27 -> 37392 | D111: 12452 | E111: =R136*$P$27 -> 23709.6 | F111: 17011 | G111: =SUM(C111:F111) -> 90564.6 | H111: =IFERROR(C111/G111,0) -> 0.41287655 | I111: =IFERROR(E111/G111,0) -> 0.26179766 | J111: =IFERROR(D111/G111,0) -> 0.13749302 | K111: =IFERROR(F111/G111,0) -> 0.18783277 | L111: =IFERROR((C111+E111)/G111, 0) -> 0.67467421 | M111: =IFERROR((D111+F111)/G111, 0) -> 0.32532579 | O111: 38449 | R111: 46916
A112: Wednesday | B112: 45035 | C112: =O137*$P$27 -> 30503.2 | D112: 13003 | E112: =R137*$P$27 -> 31932.8 | F112: 18273 | G112: =SUM(C112:F112) -> 93712 | H112: =IFERROR(C112/G112,0) -> 0.3254994 | I112: =IFERROR(E112/G112,0) -> 0.34075465 | J112: =IFERROR(D112/G112,0) -> 0.13875491 | K112: =IFERROR(F112/G112,0) -> 0.19499104 | L112: =IFERROR((C112+E112)/G112, 0) -> 0.66625405 | M112: =IFERROR((D112+F112)/G112, 0) -> 0.33374595 | O112: 55782 | R112: 42002
A113: Thursday | B113: 45036 | C113: =O138*$P$27 -> 28380.8 | D113: 15233 | E113: =R138*$P$27 -> 27672.8 | F113: 12168 | G113: =SUM(C113:F113) -> 83454.6 | H113: =IFERROR(C113/G113,0) -> 0.34007472 | I113: =IFERROR(E113/G113,0) -> 0.33159107 | J113: =IFERROR(D113/G113,0) -> 0.18253038 | K113: =IFERROR(F113/G113,0) -> 0.14580383 | L113: =IFERROR((C113+E113)/G113, 0) -> 0.67166579 | M113: =IFERROR((D113+F113)/G113, 0) -> 0.32833421 | O113: 36641 | R113: 55754
...
